batch_idx,record_id,model,latency_sec,tokens_per_sec,retries,parse_method,precision,recall,f1,hallucination_rate,hallucinated_count,cpu_avg_pct,cpu_peak_pct,proc_cpu_avg_pct,mem_avg_mb,mem_peak_mb,sys_mem_avg_mb,sys_mem_avg_pct,vram_mb,model_disk_mb,data_provenance
0,real_mixed_1,mistral-nemo:latest_baseline,9.142089128494263,30.54,0,direct_json,1.0,0.5882352941176471,0.7407407407407407,0.0,0,17.8,33.4,5.7,154.6,244.9,24618.3,68.5,9384.7,6744.1,"{'timestamp': '2026-09-09T02:44:38.736058+00:00', 'model_version': 'mistral-nemo:latest', 'prompt_hash': 'a6af280e'}"
0,real_mixed_2,mistral-nemo:latest_baseline,5.591570138931274,30.13,0,direct_json,0.6428571428571429,0.5294117647058824,0.5806451612903226,0.0,0,18.3,31.3,9.6,109.7,109.8,27068.8,73.9,9384.7,6744.1,"{'timestamp': '2026-09-09T02:44:44.360452+00:00', 'model_version': 'mistral-nemo:latest', 'prompt_hash': 'a6af280e'}"
0,real_mixed_3,mistral-nemo:latest_baseline,4.571591854095459,30.24,0,direct_json,0.75,0.35294117647058826,0.48,0.0,0,19.7,27.8,11.9,110.7,110.8,27188.3,73.8,9384.7,6744.1,"{'timestamp': '2026-09-09T02:44:48.965171+00:00', 'model_version': 'mistral-nemo:latest', 'prompt_hash': 'a6af280e'}"
0,real_mixed_4,mistral-nemo:latest_baseline,4.061411142349243,30.68,0,direct_json,1.0,0.4666666666666667,0.6363636363636364,0.0,0,18.6,27.1,13.3,111.7,111.7,27242.3,73.6,9384.7,6744.1,"{'timestamp': '2026-09-09T02:44:53.058403+00:00', 'model_version': 'mistral-nemo:latest', 'prompt_hash': 'a6af280e'}"
0,real_mixed_5,mistral-nemo:latest_baseline,6.095006942749023,30.23,0,direct_json,0.9333333333333333,0.6666666666666666,0.7777777777777778,0.06666666666666667,1,20.3,28.8,9.1,112.5,112.5,27240.9,73.5,9384.7,6744.1,"{'timestamp': '2026-09-09T02:44:59.189699+00:00', 'model_version': 'mistral-nemo:latest', 'prompt_hash': 'a6af280e'}"
0,real_mixed_6,mistral-nemo:latest_baseline,5.593420028686523,30.47,0,direct_json,1.0,0.7,0.8235294117647058,0.0,0,19.7,27.3,9.6,113.3,113.3,27177.4,73.3,9384.7,6744.1,"{'timestamp': '2026-09-09T02:45:04.824783+00:00', 'model_version': 'mistral-nemo:latest', 'prompt_hash': 'a6af280e'}"
0,real_mixed_7,mistral-nemo:latest_baseline,5.608703136444092,30.26,0,direct_json,1.0,0.65,0.787878787878788,0.0,0,16.4,26.8,9.7,114.0,114.0,27214.0,73.3,9384.7,6744.1,"{'timestamp': '2026-09-09T02:45:10.472522+00:00', 'model_version': 'mistral-nemo:latest', 'prompt_hash': 'a6af280e'}"
0,real_mixed_8,mistral-nemo:latest_baseline,4.073994874954224,30.66,0,direct_json,1.0,0.4666666666666667,0.6363636363636364,0.0,0,17.9,26.4,13.5,114.8,114.8,27188.7,73.1,9384.7,6744.1,"{'timestamp': '2026-09-09T02:45:14.572766+00:00', 'model_version': 'mistral-nemo:latest', 'prompt_hash': 'a6af280e'}"
0,real_mixed_9,mistral-nemo:latest_baseline,4.571518182754517,30.7,0,direct_json,0.5555555555555556,0.3125,0.39999999999999997,0.0,0,16.9,21.7,12.0,115.5,115.5,27243.9,73.0,9384.7,6744.1,"{'timestamp': '2026-09-09T02:45:19.167853+00:00', 'model_version': 'mistral-nemo:latest', 'prompt_hash': 'a6af280e'}"
0,real_mixed_10,mistral-nemo:latest_baseline,3.0541141033172607,30.89,0,direct_json,0.8,0.2857142857142857,0.4210526315789473,0.0,0,15.1,23.1,17.6,116.3,116.3,27244.4,73.0,9384.7,6744.1,"{'timestamp': '2026-09-09T02:45:22.242852+00:00', 'model_version': 'mistral-nemo:latest', 'prompt_hash': 'a6af280e'}"
1,real_mixed_11,mistral-nemo:latest_baseline,9.134809970855713,29.63,0,direct_json,1.0,0.5925925925925926,0.7441860465116279,0.0,0,17.2,33.9,6.0,118.0,118.0,27314.9,72.9,9384.7,6744.1,"{'timestamp': '2026-09-09T02:45:31.406061+00:00', 'model_version': 'mistral-nemo:latest', 'prompt_hash': 'a6af280e'}"
1,real_mixed_12,mistral-nemo:latest_baseline,3.05271577835083,30.82,0,direct_json,1.0,0.5833333333333334,0.7368421052631579,0.0,0,19.6,29.2,17.4,118.7,118.7,27348.7,72.8,9384.7,6744.1,"{'timestamp': '2026-09-09T02:45:34.476750+00:00', 'model_version': 'mistral-nemo:latest', 'prompt_hash': 'a6af280e'}"
1,real_mixed_13,mistral-nemo:latest_baseline,6.597845077514648,30.18,0,direct_json,0.8823529411764706,0.5555555555555556,0.6818181818181819,0.0,0,22.0,37.0,8.1,119.7,119.7,27385.3,72.8,9384.7,6744.1,"{'timestamp': '2026-09-09T02:45:41.124937+00:00', 'model_version': 'mistral-nemo:latest', 'prompt_hash': 'a6af280e'}"
1,real_mixed_14,mistral-nemo:latest_baseline,7.089027643203735,29.98,0,direct_json,0.8888888888888888,0.5333333333333333,0.6666666666666667,0.0,0,16.7,21.6,7.6,119.8,119.8,27357.6,72.6,9384.7,6744.1,"{'timestamp': '2026-09-09T02:45:48.244243+00:00', 'model_version': 'mistral-nemo:latest', 'prompt_hash': 'a6af280e'}"
1,real_mixed_15,mistral-nemo:latest_baseline,5.086933374404907,30.57,0,direct_json,0.7142857142857143,0.47619047619047616,0.5714285714285714,0.0,0,16.2,24.9,10.5,119.8,119.8,27513.7,72.6,9384.7,6744.1,"{'timestamp': '2026-09-09T02:45:53.362370+00:00', 'model_version': 'mistral-nemo:latest', 'prompt_hash': 'a6af280e'}"
1,real_mixed_16,mistral-nemo:latest_baseline,3.0619192123413086,31.19,0,direct_json,1.0,0.16666666666666666,0.2857142857142857,0.0,0,17.5,26.1,17.4,119.8,119.8,27478.4,72.4,9384.7,6744.1,"{'timestamp': '2026-09-09T02:45:56.447963+00:00', 'model_version': 'mistral-nemo:latest', 'prompt_hash': 'a6af280e'}"
1,real_mixed_17,mistral-nemo:latest_baseline,3.047592878341675,31.31,0,direct_json,0.625,1.0,0.7692307692307693,0.0,0,17.3,29.9,18.0,119.9,119.9,27567.3,72.6,9384.7,6744.1,"{'timestamp': '2026-09-09T02:45:59.507383+00:00', 'model_version': 'mistral-nemo:latest', 'prompt_hash': 'a6af280e'}"
1,real_mixed_18,mistral-nemo:latest_baseline,3.555527925491333,31.01,0,direct_json,1.0,0.42857142857142855,0.6,0.0,0,18.8,33.4,15.0,119.9,119.9,27552.9,72.5,9384.7,6744.1,"{'timestamp': '2026-09-09T02:46:03.092258+00:00', 'model_version': 'mistral-nemo:latest', 'prompt_hash': 'a6af280e'}"
1,real_mixed_19,mistral-nemo:latest_baseline,4.57922887802124,30.46,0,direct_json,1.0,0.8181818181818182,0.9,0.0,0,20.5,35.6,11.6,120.0,120.0,27487.9,72.4,9384.7,6744.1,"{'timestamp': '2026-09-09T02:46:07.712005+00:00', 'model_version': 'mistral-nemo:latest', 'prompt_hash': 'a6af280e'}"
1,real_mixed_20,mistral-nemo:latest_baseline,4.5626842975616455,30.78,0,direct_json,0.8571428571428571,0.3157894736842105,0.46153846153846156,0.0,0,15.7,27.4,11.8,120.0,120.0,27528.2,72.4,9384.7,6744.1,"{'timestamp': '2026-09-09T02:46:12.313446+00:00', 'model_version': 'mistral-nemo:latest', 'prompt_hash': 'a6af280e'}"
2,real_mixed_21,mistral-nemo:latest_baseline,4.5698137283325195,30.49,0,direct_json,0.8333333333333334,0.3125,0.45454545454545453,0.0,0,17.1,28.6,11.7,120.2,120.2,27564.7,72.5,9384.7,6744.1,"{'timestamp': '2026-09-09T02:46:16.915661+00:00', 'model_version': 'mistral-nemo:latest', 'prompt_hash': 'a6af280e'}"
2,real_mixed_22,mistral-nemo:latest_baseline,2.5616466999053955,31.51,0,direct_json,0.4,0.6666666666666666,0.5,0.0,0,20.8,44.6,21.3,120.2,120.2,27625.5,72.5,9384.7,6744.1,"{'timestamp': '2026-09-09T02:46:19.487166+00:00', 'model_version': 'mistral-nemo:latest', 'prompt_hash': 'a6af280e'}"
2,real_mixed_23,mistral-nemo:latest_baseline,4.065729141235352,30.85,0,fallback,0.4,0.23529411764705882,0.29629629629629634,0.0,0,13.2,21.1,13.3,120.2,120.2,27485.9,72.2,9384.7,6744.1,"{'timestamp': '2026-09-09T02:46:23.579971+00:00', 'model_version': 'mistral-nemo:latest', 'prompt_hash': 'a6af280e'}"
2,real_mixed_24,mistral-nemo:latest_baseline,3.5541458129882812,31.16,0,direct_json,1.0,0.45454545454545453,0.625,0.0,0,14.2,20.5,15.0,120.4,120.4,27457.0,72.1,9384.7,6744.1,"{'timestamp': '2026-09-09T02:46:27.158513+00:00', 'model_version': 'mistral-nemo:latest', 'prompt_hash': 'a6af280e'}"
2,real_mixed_25,mistral-nemo:latest_baseline,3.559906005859375,30.89,0,direct_json,0.875,0.4117647058823529,0.56,0.0,0,16.8,21.4,15.2,121.0,121.0,27606.8,72.4,9384.7,6744.1,"{'timestamp': '2026-09-09T02:46:30.749403+00:00', 'model_version': 'mistral-nemo:latest', 'prompt_hash': 'a6af280e'}"
2,real_mixed_26,mistral-nemo:latest_baseline,10.665923833847046,29.92,0,direct_json,0.6875,0.5238095238095238,0.5945945945945946,0.0,0,19.0,32.0,5.1,121.8,121.8,27587.9,72.3,9384.7,6744.1,"{'timestamp': '2026-09-09T02:46:41.472477+00:00', 'model_version': 'mistral-nemo:latest', 'prompt_hash': 'a6af280e'}"
2,real_mixed_27,mistral-nemo:latest_baseline,12.139500856399536,29.41,0,direct_json,0.75,0.46875,0.5769230769230769,0.0,0,18.1,41.1,4.5,122.6,122.6,27629.6,72.2,9384.7,6744.1,"{'timestamp': '2026-09-09T02:46:53.650386+00:00', 'model_version': 'mistral-nemo:latest', 'prompt_hash': 'a6af280e'}"
2,real_mixed_28,mistral-nemo:latest_baseline,4.08357310295105,30.58,0,direct_json,0.75,0.3333333333333333,0.46153846153846156,0.125,1,21.2,28.5,13.8,123.4,123.4,27649.4,72.1,9384.7,6744.1,"{'timestamp': '2026-09-09T02:46:57.771429+00:00', 'model_version': 'mistral-nemo:latest', 'prompt_hash': 'a6af280e'}"
2,real_mixed_29,mistral-nemo:latest_baseline,6.074106931686401,30.48,0,direct_json,0.7916666666666666,0.76,0.7755102040816326,0.0,0,16.8,27.0,8.9,124.1,124.1,27653.4,72.1,9384.7,6744.1,"{'timestamp': '2026-09-09T02:47:03.889665+00:00', 'model_version': 'mistral-nemo:latest', 'prompt_hash': 'a6af280e'}"
2,real_mixed_30,mistral-nemo:latest_baseline,3.0829670429229736,30.88,0,direct_json,0.75,0.23076923076923078,0.3529411764705882,0.0,0,24.6,33.7,17.7,124.8,124.8,27772.8,72.2,9384.7,6744.1,"{'timestamp': '2026-09-09T02:47:06.993208+00:00', 'model_version': 'mistral-nemo:latest', 'prompt_hash': 'a6af280e'}"
3,real_mixed_31,mistral-nemo:latest_baseline,2.052014112472534,31.72,0,direct_json,0.75,0.6,0.6666666666666665,0.0,0,21.2,27.0,26.7,124.9,124.9,27703.3,72.0,9384.7,6744.1,"{'timestamp': '2026-09-09T02:47:09.063153+00:00', 'model_version': 'mistral-nemo:latest', 'prompt_hash': 'a6af280e'}"
3,real_mixed_32,mistral-nemo:latest_baseline,4.071303844451904,31.0,0,direct_json,0.9090909090909091,0.625,0.7407407407407406,0.0,0,13.1,22.2,13.2,125.0,125.0,27705.4,72.0,9384.7,6744.1,"{'timestamp': '2026-09-09T02:47:13.157929+00:00', 'model_version': 'mistral-nemo:latest', 'prompt_hash': 'a6af280e'}"
3,real_mixed_33,mistral-nemo:latest_baseline,4.050342798233032,30.85,0,direct_json,0.8888888888888888,0.5333333333333333,0.6666666666666667,0.0,0,15.0,21.9,13.2,125.0,125.0,27665.9,71.9,9384.7,6744.1,"{'timestamp': '2026-09-09T02:47:17.233946+00:00', 'model_version': 'mistral-nemo:latest', 'prompt_hash': 'a6af280e'}"
3,real_mixed_34,mistral-nemo:latest_baseline,4.07365608215332,30.92,0,direct_json,1.0,0.5,0.6666666666666666,0.0,0,14.3,23.0,13.3,125.0,125.0,27830.0,72.2,9384.7,6744.1,"{'timestamp': '2026-09-09T02:47:21.327453+00:00', 'model_version': 'mistral-nemo:latest', 'prompt_hash': 'a6af280e'}"
3,real_mixed_35,mistral-nemo:latest_baseline,4.062726974487305,30.78,0,direct_json,0.875,0.5833333333333334,0.7000000000000001,0.0,0,17.6,25.4,13.6,125.0,125.0,27767.3,72.1,9384.7,6744.1,"{'timestamp': '2026-09-09T02:47:25.413075+00:00', 'model_version': 'mistral-nemo:latest', 'prompt_hash': 'a6af280e'}"
3,real_mixed_36,mistral-nemo:latest_baseline,3.0439741611480713,31.17,0,direct_json,1.0,0.22727272727272727,0.37037037037037035,0.0,0,14.8,32.9,17.9,125.0,125.0,27777.4,72.1,9384.7,6744.1,"{'timestamp': '2026-09-09T02:47:28.485930+00:00', 'model_version': 'mistral-nemo:latest', 'prompt_hash': 'a6af280e'}"
3,real_mixed_37,mistral-nemo:latest_baseline,4.076002836227417,30.83,0,direct_json,1.0,0.5333333333333333,0.6956521739130436,0.0,0,13.2,17.9,13.1,125.0,125.0,27748.3,72.0,9384.7,6744.1,"{'timestamp': '2026-09-09T02:47:32.589135+00:00', 'model_version': 'mistral-nemo:latest', 'prompt_hash': 'a6af280e'}"
3,real_mixed_38,mistral-nemo:latest_baseline,4.581053972244263,30.6,0,direct_json,0.9,0.5,0.6428571428571429,0.0,0,13.2,22.9,11.7,125.0,125.0,27651.6,71.8,9384.7,6744.1,"{'timestamp': '2026-09-09T02:47:37.202263+00:00', 'model_version': 'mistral-nemo:latest', 'prompt_hash': 'a6af280e'}"
3,real_mixed_39,mistral-nemo:latest_baseline,3.5647518634796143,31.16,0,direct_json,0.75,0.375,0.5,0.0,0,15.6,26.4,15.4,125.0,125.0,27804.4,72.1,9384.7,6744.1,"{'timestamp': '2026-09-09T02:47:40.783768+00:00', 'model_version': 'mistral-nemo:latest', 'prompt_hash': 'a6af280e'}"
3,real_mixed_40,mistral-nemo:latest_baseline,3.550086736679077,31.01,0,direct_json,0.875,0.4666666666666667,0.608695652173913,0.0,0,17.6,24.3,15.5,125.0,125.0,27750.0,71.8,9384.7,6744.1,"{'timestamp': '2026-09-09T02:47:44.361872+00:00', 'model_version': 'mistral-nemo:latest', 'prompt_hash': 'a6af280e'}"
4,real_mixed_41,mistral-nemo:latest_baseline,5.077565908432007,30.35,0,direct_json,1.0,0.5,0.6666666666666666,0.0,0,18.8,22.8,10.8,125.2,125.2,27803.6,71.8,9384.7,6744.1,"{'timestamp': '2026-09-09T02:47:49.489492+00:00', 'model_version': 'mistral-nemo:latest', 'prompt_hash': 'a6af280e'}"
4,real_mixed_42,mistral-nemo:latest_baseline,6.062429904937744,30.05,0,direct_json,0.7222222222222222,0.4482758620689655,0.5531914893617021,0.16666666666666666,3,20.7,26.8,8.8,125.2,125.2,27796.3,71.8,9384.7,6744.1,"{'timestamp': '2026-09-09T02:47:55.593223+00:00', 'model_version': 'mistral-nemo:latest', 'prompt_hash': 'a6af280e'}"
4,real_mixed_43,mistral-nemo:latest_baseline,12.670790910720825,28.51,0,direct_json,0.6923076923076923,0.4090909090909091,0.5142857142857142,0.0,0,17.9,27.1,4.2,125.2,125.2,27842.0,71.8,9384.7,6744.1,"{'timestamp': '2026-09-09T02:48:08.299026+00:00', 'model_version': 'mistral-nemo:latest', 'prompt_hash': 'a6af280e'}"
4,real_mixed_44,mistral-nemo:latest_baseline,6.098663806915283,30.28,0,direct_json,0.6470588235294118,0.55,0.5945945945945946,0.0,0,15.5,23.3,9.0,125.3,125.3,27865.4,71.8,9384.7,6744.1,"{'timestamp': '2026-09-09T02:48:14.435966+00:00', 'model_version': 'mistral-nemo:latest', 'prompt_hash': 'a6af280e'}"
4,real_mixed_45,mistral-nemo:latest_baseline,4.597218036651611,30.88,0,direct_json,0.9166666666666666,0.6875,0.7857142857142857,0.0,0,14.8,22.7,11.9,125.3,125.3,27832.7,71.7,9384.7,6744.1,"{'timestamp': '2026-09-09T02:48:19.062921+00:00', 'model_version': 'mistral-nemo:latest', 'prompt_hash': 'a6af280e'}"
4,real_mixed_46,mistral-nemo:latest_baseline,2.560241222381592,31.93,0,direct_json,1.0,0.06666666666666667,0.125,0.0,0,14.8,28.0,21.1,125.3,125.3,27917.8,71.9,9384.7,6744.1,"{'timestamp': '2026-09-09T02:48:21.649800+00:00', 'model_version': 'mistral-nemo:latest', 'prompt_hash': 'a6af280e'}"
4,real_mixed_47,mistral-nemo:latest_baseline,7.11912989616394,30.5,0,direct_json,0.8571428571428571,0.8571428571428571,0.8571428571428571,0.03571428571428571,1,15.3,25.7,7.7,125.3,125.3,27818.6,71.7,9384.7,6744.1,"{'timestamp': '2026-09-09T02:48:28.819680+00:00', 'model_version': 'mistral-nemo:latest', 'prompt_hash': 'a6af280e'}"
4,real_mixed_48,mistral-nemo:latest_baseline,3.5752010345458984,31.1,0,direct_json,0.875,0.7,0.7777777777777777,0.0,0,13.7,25.9,15.1,125.3,125.3,27930.8,71.9,9384.7,6744.1,"{'timestamp': '2026-09-09T02:48:32.417884+00:00', 'model_version': 'mistral-nemo:latest', 'prompt_hash': 'a6af280e'}"
4,real_mixed_49,mistral-nemo:latest_baseline,5.598733901977539,30.46,0,direct_json,0.8181818181818182,0.5,0.6206896551724137,0.0,0,13.6,26.0,9.7,125.3,125.3,27746.1,71.5,9384.7,6744.1,"{'timestamp': '2026-09-09T02:48:38.047016+00:00', 'model_version': 'mistral-nemo:latest', 'prompt_hash': 'a6af280e'}"
4,real_mixed_50,mistral-nemo:latest_baseline,4.5677759647369385,30.92,0,direct_json,0.8181818181818182,0.47368421052631576,0.6,0.0,0,15.1,20.5,11.6,125.3,125.3,27943.6,71.9,9384.7,6744.1,"{'timestamp': '2026-09-09T02:48:42.648336+00:00', 'model_version': 'mistral-nemo:latest', 'prompt_hash': 'a6af280e'}"
5,real_mixed_51,mistral-nemo:latest_baseline,4.069512128829956,30.92,0,direct_json,0.7777777777777778,0.4666666666666667,0.5833333333333334,0.1111111111111111,1,12.7,25.6,13.2,133.3,133.3,27762.9,71.5,9384.7,6744.1,"{'timestamp': '2026-09-09T02:48:46.767751+00:00', 'model_version': 'mistral-nemo:latest', 'prompt_hash': 'a6af280e'}"
5,real_mixed_52,mistral-nemo:latest_baseline,3.55210018157959,30.52,0,direct_json,0.875,0.3333333333333333,0.48275862068965514,0.0,0,17.3,25.7,15.1,133.3,133.3,27813.2,71.6,9384.7,6744.1,"{'timestamp': '2026-09-09T02:48:50.356250+00:00', 'model_version': 'mistral-nemo:latest', 'prompt_hash': 'a6af280e'}"
5,real_mixed_53,mistral-nemo:latest_baseline,3.561041831970215,30.95,0,direct_json,0.8888888888888888,0.5,0.64,0.0,0,18.6,26.2,15.1,133.3,133.3,27826.6,71.6,9384.7,6744.1,"{'timestamp': '2026-09-09T02:48:53.942689+00:00', 'model_version': 'mistral-nemo:latest', 'prompt_hash': 'a6af280e'}"
5,real_mixed_54,mistral-nemo:latest_baseline,2.5440399646759033,31.15,0,direct_json,1.0,0.875,0.9333333333333333,0.0,0,20.5,25.8,20.8,133.3,133.3,27839.1,71.6,9384.7,6744.1,"{'timestamp': '2026-09-09T02:48:56.504075+00:00', 'model_version': 'mistral-nemo:latest', 'prompt_hash': 'a6af280e'}"
5,real_mixed_55,mistral-nemo:latest_baseline,5.587069034576416,30.24,0,direct_json,0.8461538461538461,0.55,0.6666666666666667,0.0,0,22.8,30.4,9.4,133.3,133.3,27900.4,71.7,9384.7,6744.1,"{'timestamp': '2026-09-09T02:49:02.121162+00:00', 'model_version': 'mistral-nemo:latest', 'prompt_hash': 'a6af280e'}"
5,real_mixed_56,mistral-nemo:latest_baseline,4.076945781707764,30.79,0,direct_json,0.75,0.23076923076923078,0.3529411764705882,0.0,0,14.1,25.8,13.2,133.3,133.3,27847.4,71.5,9384.7,6744.1,"{'timestamp': '2026-09-09T02:49:06.228303+00:00', 'model_version': 'mistral-nemo:latest', 'prompt_hash': 'a6af280e'}"
5,real_mixed_57,mistral-nemo:latest_baseline,4.053436040878296,30.59,0,direct_json,0.9285714285714286,0.6190476190476191,0.742857142857143,0.0,0,16.8,27.9,13.4,133.3,133.3,27939.9,71.8,9384.7,6744.1,"{'timestamp': '2026-09-09T02:49:10.311954+00:00', 'model_version': 'mistral-nemo:latest', 'prompt_hash': 'a6af280e'}"
5,real_mixed_58,mistral-nemo:latest_baseline,3.566077947616577,30.98,0,direct_json,0.8888888888888888,0.4444444444444444,0.5925925925925926,0.0,0,14.8,20.7,15.0,133.3,133.3,27882.7,71.6,9384.7,6744.1,"{'timestamp': '2026-09-09T02:49:13.911339+00:00', 'model_version': 'mistral-nemo:latest', 'prompt_hash': 'a6af280e'}"
5,real_mixed_59,mistral-nemo:latest_baseline,9.13281798362732,29.7,0,direct_json,0.9285714285714286,0.5,0.65,0.0,0,18.0,22.5,5.9,133.3,133.3,27926.5,71.7,9384.7,6744.1,"{'timestamp': '2026-09-09T02:49:23.064891+00:00', 'model_version': 'mistral-nemo:latest', 'prompt_hash': 'a6af280e'}"
5,real_mixed_60,mistral-nemo:latest_baseline,4.0688300132751465,30.55,0,direct_json,1.0,0.42857142857142855,0.6,0.0,0,23.8,34.8,13.5,133.3,133.3,27903.4,71.6,9384.7,6744.1,"{'timestamp': '2026-09-09T02:49:27.164576+00:00', 'model_version': 'mistral-nemo:latest', 'prompt_hash': 'a6af280e'}"
6,real_mixed_61,mistral-nemo:latest_baseline,12.182825088500977,28.75,0,fallback,0.8125,0.3611111111111111,0.5,0.0,0,16.0,32.4,4.5,133.5,133.5,27919.7,71.6,9384.7,6744.1,"{'timestamp': '2026-09-09T02:49:39.421018+00:00', 'model_version': 'mistral-nemo:latest', 'prompt_hash': 'a6af280e'}"
6,real_mixed_62,mistral-nemo:latest_baseline,4.080506801605225,30.55,0,direct_json,1.0,0.4444444444444444,0.6153846153846153,0.0,0,17.4,24.8,13.0,133.5,133.5,27945.2,71.6,9384.7,6744.1,"{'timestamp': '2026-09-09T02:49:43.534822+00:00', 'model_version': 'mistral-nemo:latest', 'prompt_hash': 'a6af280e'}"
6,real_mixed_63,mistral-nemo:latest_baseline,3.068480968475342,31.09,0,direct_json,0.6,0.2,0.3,0.0,0,14.4,23.4,17.8,133.5,133.5,27870.2,71.5,9384.7,6744.1,"{'timestamp': '2026-09-09T02:49:46.630991+00:00', 'model_version': 'mistral-nemo:latest', 'prompt_hash': 'a6af280e'}"
6,real_mixed_64,mistral-nemo:latest_baseline,3.0672271251678467,31.03,0,direct_json,0.6666666666666666,0.5,0.5714285714285715,0.0,0,17.4,29.1,17.6,133.0,133.5,27966.7,71.7,9384.7,6744.1,"{'timestamp': '2026-09-09T02:49:49.706713+00:00', 'model_version': 'mistral-nemo:latest', 'prompt_hash': 'a6af280e'}"
6,real_mixed_65,mistral-nemo:latest_baseline,3.0592877864837646,31.32,0,direct_json,1.0,0.2727272727272727,0.42857142857142855,0.0,0,19.8,33.8,17.3,130.4,130.4,27847.1,71.7,9384.7,6744.1,"{'timestamp': '2026-09-09T02:49:52.787013+00:00', 'model_version': 'mistral-nemo:latest', 'prompt_hash': 'a6af280e'}"
6,real_mixed_66,mistral-nemo:latest_baseline,4.58263897895813,30.42,0,direct_json,0.5454545454545454,0.23076923076923078,0.3243243243243243,0.0,0,22.0,32.2,11.8,129.6,130.4,27452.0,72.8,9384.7,6744.1,"{'timestamp': '2026-09-09T02:49:57.416654+00:00', 'model_version': 'mistral-nemo:latest', 'prompt_hash': 'a6af280e'}"
6,real_mixed_67,mistral-nemo:latest_baseline,5.083887100219727,30.38,0,direct_json,1.0,0.5,0.6666666666666666,0.0,0,19.1,24.3,10.6,129.4,129.4,27179.2,73.2,9384.7,6744.1,"{'timestamp': '2026-09-09T02:50:02.541285+00:00', 'model_version': 'mistral-nemo:latest', 'prompt_hash': 'a6af280e'}"
6,real_mixed_68,mistral-nemo:latest_baseline,4.568194150924683,30.69,0,direct_json,1.0,0.5263157894736842,0.6896551724137931,0.0,0,17.6,25.8,11.6,129.5,129.5,27103.3,73.1,9384.7,6744.1,"{'timestamp': '2026-09-09T02:50:07.130484+00:00', 'model_version': 'mistral-nemo:latest', 'prompt_hash': 'a6af280e'}"
6,real_mixed_69,mistral-nemo:latest_baseline,5.069921016693115,30.33,0,direct_json,1.0,0.5714285714285714,0.7272727272727273,0.0,0,18.3,31.7,10.8,129.5,129.5,27161.2,73.4,9384.7,6744.1,"{'timestamp': '2026-09-09T02:50:12.241028+00:00', 'model_version': 'mistral-nemo:latest', 'prompt_hash': 'a6af280e'}"
6,real_mixed_70,mistral-nemo:latest_baseline,5.078446865081787,30.65,0,direct_json,0.8461538461538461,0.44,0.5789473684210525,0.0,0,14.4,20.0,10.9,129.6,129.6,26992.1,73.2,9384.7,6744.1,"{'timestamp': '2026-09-09T02:50:17.347454+00:00', 'model_version': 'mistral-nemo:latest', 'prompt_hash': 'a6af280e'}"
7,real_mixed_71,mistral-nemo:latest_baseline,4.598609924316406,30.65,0,direct_json,0.7,0.5,0.5833333333333334,0.0,0,16.9,22.9,11.7,130.1,130.2,27033.9,73.7,9384.7,6744.1,"{'timestamp': '2026-09-09T02:50:21.981895+00:00', 'model_version': 'mistral-nemo:latest', 'prompt_hash': 'a6af280e'}"
7,real_mixed_72,mistral-nemo:latest_baseline,4.575621128082275,30.79,0,direct_json,0.9,0.5294117647058824,0.6666666666666667,0.0,0,17.5,23.8,11.5,130.1,130.1,26930.8,73.7,9384.7,6744.1,"{'timestamp': '2026-09-09T02:50:26.580670+00:00', 'model_version': 'mistral-nemo:latest', 'prompt_hash': 'a6af280e'}"
7,real_mixed_73,mistral-nemo:latest_baseline,3.548724889755249,30.62,0,direct_json,0.6666666666666666,0.25,0.36363636363636365,0.0,0,20.8,27.8,15.1,130.1,130.1,26941.6,74.1,9384.7,6744.1,"{'timestamp': '2026-09-09T02:50:30.164382+00:00', 'model_version': 'mistral-nemo:latest', 'prompt_hash': 'a6af280e'}"
7,real_mixed_74,mistral-nemo:latest_baseline,3.5498459339141846,30.7,0,direct_json,1.0,0.3333333333333333,0.5,0.0,0,18.3,36.0,15.0,130.1,130.1,26803.8,74.1,9384.7,6744.1,"{'timestamp': '2026-09-09T02:50:33.734796+00:00', 'model_version': 'mistral-nemo:latest', 'prompt_hash': 'a6af280e'}"
7,real_mixed_75,mistral-nemo:latest_baseline,3.0417418479919434,31.43,0,direct_json,1.0,0.6,0.7499999999999999,0.0,0,11.0,14.0,17.8,130.1,130.1,26695.2,73.8,9384.7,6744.1,"{'timestamp': '2026-09-09T02:50:36.784942+00:00', 'model_version': 'mistral-nemo:latest', 'prompt_hash': 'a6af280e'}"
7,real_mixed_76,mistral-nemo:latest_baseline,1.5512521266937256,32.27,0,direct_json,0.0,0.0,0.0,0.0,0,26.2,38.2,34.6,130.1,130.1,26671.8,73.8,9384.7,6744.1,"{'timestamp': '2026-09-09T02:50:38.340031+00:00', 'model_version': 'mistral-nemo:latest', 'prompt_hash': 'a6af280e'}"
7,real_mixed_77,mistral-nemo:latest_baseline,6.10730504989624,30.47,0,direct_json,0.8461538461538461,0.4782608695652174,0.6111111111111112,0.0,0,17.3,30.3,9.1,130.2,130.2,26737.5,73.9,9384.7,6744.1,"{'timestamp': '2026-09-09T02:50:44.496799+00:00', 'model_version': 'mistral-nemo:latest', 'prompt_hash': 'a6af280e'}"
7,real_mixed_78,mistral-nemo:latest_baseline,7.127859115600586,29.97,0,direct_json,0.5,0.5714285714285714,0.5333333333333333,0.125,1,16.2,31.1,7.5,130.2,130.2,26750.8,73.9,9384.7,6744.1,"{'timestamp': '2026-09-09T02:50:51.645126+00:00', 'model_version': 'mistral-nemo:latest', 'prompt_hash': 'a6af280e'}"
7,real_mixed_79,mistral-nemo:latest_baseline,8.625651836395264,29.2,0,direct_json,1.0,0.5,0.6666666666666666,0.0,0,17.5,28.0,6.3,130.2,130.2,26784.1,73.9,9384.7,6744.1,"{'timestamp': '2026-09-09T02:51:00.288229+00:00', 'model_version': 'mistral-nemo:latest', 'prompt_hash': 'a6af280e'}"
7,real_mixed_80,mistral-nemo:latest_baseline,11.188653945922852,29.62,0,direct_json,0.6086956521739131,0.5,0.5490196078431373,0.0,0,19.4,31.7,5.4,130.2,130.2,26618.7,74.7,9384.7,6744.1,"{'timestamp': '2026-09-09T02:51:11.519313+00:00', 'model_version': 'mistral-nemo:latest', 'prompt_hash': 'a6af280e'}"
8,real_mixed_81,mistral-nemo:latest_baseline,3.560195207595825,30.94,0,direct_json,1.0,0.5,0.6666666666666666,0.0,0,14.9,19.1,14.8,130.4,130.4,26484.0,74.5,9384.7,6744.1,"{'timestamp': '2026-09-09T02:51:15.129756+00:00', 'model_version': 'mistral-nemo:latest', 'prompt_hash': 'a6af280e'}"
8,real_mixed_82,mistral-nemo:latest_baseline,4.072299957275391,30.9,0,direct_json,0.625,0.29411764705882354,0.4,0.0,0,14.1,24.1,13.1,130.4,130.4,26524.3,74.7,9384.7,6744.1,"{'timestamp': '2026-09-09T02:51:19.237045+00:00', 'model_version': 'mistral-nemo:latest', 'prompt_hash': 'a6af280e'}"
8,real_mixed_83,mistral-nemo:latest_baseline,3.5682311058044434,31.08,0,direct_json,1.0,0.6153846153846154,0.761904761904762,0.0,0,18.4,20.8,15.2,130.4,130.4,26564.3,74.7,9384.7,6744.1,"{'timestamp': '2026-09-09T02:51:22.835036+00:00', 'model_version': 'mistral-nemo:latest', 'prompt_hash': 'a6af280e'}"
8,real_mixed_84,mistral-nemo:latest_baseline,3.050670862197876,31.12,0,direct_json,1.0,0.5454545454545454,0.7058823529411764,0.0,0,15.8,20.1,17.9,130.3,130.4,26536.4,74.7,9384.7,6744.1,"{'timestamp': '2026-09-09T02:51:25.910871+00:00', 'model_version': 'mistral-nemo:latest', 'prompt_hash': 'a6af280e'}"
8,real_mixed_85,mistral-nemo:latest_baseline,4.071644067764282,30.93,0,direct_json,0.8571428571428571,0.6666666666666666,0.75,0.0,0,14.8,22.4,13.3,130.0,130.0,26434.2,75.0,9384.7,6744.1,"{'timestamp': '2026-09-09T02:51:30.004296+00:00', 'model_version': 'mistral-nemo:latest', 'prompt_hash': 'a6af280e'}"
8,real_mixed_86,mistral-nemo:latest_baseline,4.052397727966309,30.78,0,direct_json,1.0,0.5714285714285714,0.7272727272727273,0.0,0,14.6,32.6,13.3,130.0,130.0,26339.5,75.0,9384.7,6744.1,"{'timestamp': '2026-09-09T02:51:34.088731+00:00', 'model_version': 'mistral-nemo:latest', 'prompt_hash': 'a6af280e'}"
8,real_mixed_87,mistral-nemo:latest_baseline,2.554248094558716,31.53,0,direct_json,1.0,0.2727272727272727,0.42857142857142855,0.0,0,14.4,18.4,21.2,129.1,130.1,26329.3,75.1,9384.7,6744.1,"{'timestamp': '2026-09-09T02:51:36.670634+00:00', 'model_version': 'mistral-nemo:latest', 'prompt_hash': 'a6af280e'}"
8,real_mixed_88,mistral-nemo:latest_baseline,2.5479722023010254,31.7,0,direct_json,1.0,0.625,0.7692307692307693,0.0,0,14.8,19.0,21.6,128.4,128.4,26313.8,75.0,9384.7,6744.1,"{'timestamp': '2026-09-09T02:51:39.242610+00:00', 'model_version': 'mistral-nemo:latest', 'prompt_hash': 'a6af280e'}"
8,real_mixed_89,mistral-nemo:latest_baseline,3.0611813068389893,31.08,0,direct_json,0.8,0.2857142857142857,0.4210526315789473,0.0,0,16.1,23.1,17.5,128.4,128.5,26337.3,75.1,9384.7,6744.1,"{'timestamp': '2026-09-09T02:51:42.337471+00:00', 'model_version': 'mistral-nemo:latest', 'prompt_hash': 'a6af280e'}"
8,real_mixed_90,mistral-nemo:latest_baseline,4.07302188873291,30.74,0,direct_json,1.0,0.5,0.6666666666666666,0.0,0,13.3,18.8,13.6,128.4,128.4,26287.7,75.0,9384.7,6744.1,"{'timestamp': '2026-09-09T02:51:46.454736+00:00', 'model_version': 'mistral-nemo:latest', 'prompt_hash': 'a6af280e'}"
9,real_mixed_91,mistral-nemo:latest_baseline,5.0749921798706055,30.58,0,direct_json,1.0,0.7058823529411765,0.8275862068965517,0.0,0,16.4,30.4,10.8,128.2,128.5,26327.8,75.4,9384.7,6744.1,"{'timestamp': '2026-09-09T02:51:51.584348+00:00', 'model_version': 'mistral-nemo:latest', 'prompt_hash': 'a6af280e'}"
9,real_mixed_92,mistral-nemo:latest_baseline,4.586963891983032,30.17,0,direct_json,1.0,0.5238095238095238,0.6875000000000001,0.0,0,20.4,29.4,11.9,127.8,128.0,26251.2,75.4,9384.7,6744.1,"{'timestamp': '2026-09-09T02:51:56.208663+00:00', 'model_version': 'mistral-nemo:latest', 'prompt_hash': 'a6af280e'}"
9,real_mixed_93,mistral-nemo:latest_baseline,3.049572229385376,31.02,0,direct_json,1.0,0.3333333333333333,0.5,0.0,0,17.9,22.9,17.4,127.3,127.3,25997.4,75.8,9384.7,6744.1,"{'timestamp': '2026-09-09T02:51:59.275805+00:00', 'model_version': 'mistral-nemo:latest', 'prompt_hash': 'a6af280e'}"
9,real_mixed_94,mistral-nemo:latest_baseline,4.553891658782959,30.67,0,direct_json,0.7777777777777778,0.3181818181818182,0.45161290322580644,0.0,0,18.2,25.2,11.7,127.3,127.3,25888.6,75.9,9384.7,6744.1,"{'timestamp': '2026-09-09T02:52:03.858379+00:00', 'model_version': 'mistral-nemo:latest', 'prompt_hash': 'a6af280e'}"
9,real_mixed_95,mistral-nemo:latest_baseline,3.566004991531372,30.8,0,direct_json,0.625,0.625,0.625,0.0,0,18.9,25.1,15.3,127.2,127.2,25951.5,76.0,9384.7,6744.1,"{'timestamp': '2026-09-09T02:52:07.442576+00:00', 'model_version': 'mistral-nemo:latest', 'prompt_hash': 'a6af280e'}"
9,real_mixed_96,mistral-nemo:latest_baseline,3.5578832626342773,30.69,0,direct_json,0.6,0.42857142857142855,0.5,0.0,0,17.0,26.1,15.4,127.2,127.2,25909.4,75.9,9384.7,6744.1,"{'timestamp': '2026-09-09T02:52:11.025706+00:00', 'model_version': 'mistral-nemo:latest', 'prompt_hash': 'a6af280e'}"
9,real_mixed_97,mistral-nemo:latest_baseline,3.0699801445007324,31.41,0,direct_json,1.0,0.46153846153846156,0.631578947368421,0.0,0,20.0,30.9,17.6,127.2,127.2,25852.5,75.8,9384.7,6744.1,"{'timestamp': '2026-09-09T02:52:14.122030+00:00', 'model_version': 'mistral-nemo:latest', 'prompt_hash': 'a6af280e'}"
9,real_mixed_98,mistral-nemo:latest_baseline,5.579906702041626,30.14,0,direct_json,0.8181818181818182,0.2647058823529412,0.39999999999999997,0.0,0,23.2,42.1,9.4,127.1,127.2,25888.2,76.0,9384.7,6744.1,"{'timestamp': '2026-09-09T02:52:19.739680+00:00', 'model_version': 'mistral-nemo:latest', 'prompt_hash': 'a6af280e'}"
9,real_mixed_99,mistral-nemo:latest_baseline,2.046128749847412,31.46,0,direct_json,1.0,0.6666666666666666,0.8,0.0,0,18.8,25.8,26.3,121.4,127.1,25884.4,76.2,9384.7,6744.1,"{'timestamp': '2026-09-09T02:52:21.796755+00:00', 'model_version': 'mistral-nemo:latest', 'prompt_hash': 'a6af280e'}"
9,real_mixed_100,mistral-nemo:latest_baseline,4.582257986068726,30.69,0,direct_json,1.0,0.6190476190476191,0.7647058823529412,0.0,0,16.7,25.1,11.7,119.5,119.5,25813.3,76.1,9384.7,6744.1,"{'timestamp': '2026-09-09T02:52:26.414855+00:00', 'model_version': 'mistral-nemo:latest', 'prompt_hash': 'a6af280e'}"
10,real_mixed_101,mistral-nemo:latest_baseline,3.0589077472686768,31.06,0,direct_json,0.6666666666666666,0.3333333333333333,0.4444444444444444,0.0,0,16.5,21.0,17.0,119.7,119.7,25822.9,76.1,9384.7,6744.1,"{'timestamp': '2026-09-09T02:52:29.519922+00:00', 'model_version': 'mistral-nemo:latest', 'prompt_hash': 'a6af280e'}"
10,real_mixed_102,mistral-nemo:latest_baseline,1.5371460914611816,32.7,0,direct_json,1.0,1.0,1.0,0.0,0,19.1,26.8,35.4,119.6,119.6,25905.0,76.8,9384.7,6744.1,"{'timestamp': '2026-09-09T02:52:31.064387+00:00', 'model_version': 'mistral-nemo:latest', 'prompt_hash': 'a6af280e'}"
10,real_mixed_103,mistral-nemo:latest_baseline,2.0413401126861572,31.99,0,direct_json,1.0,1.0,1.0,0.0,0,13.7,18.8,26.6,119.6,119.6,25641.7,76.3,9384.7,6744.1,"{'timestamp': '2026-09-09T02:52:33.118519+00:00', 'model_version': 'mistral-nemo:latest', 'prompt_hash': 'a6af280e'}"
10,real_mixed_104,mistral-nemo:latest_baseline,4.570240020751953,30.7,0,direct_json,0.9333333333333333,0.6666666666666666,0.7777777777777778,0.06666666666666667,1,14.6,22.9,12.0,119.1,119.6,25629.2,76.4,9384.7,6744.1,"{'timestamp': '2026-09-09T02:52:37.729424+00:00', 'model_version': 'mistral-nemo:latest', 'prompt_hash': 'a6af280e'}"
10,real_mixed_105,mistral-nemo:latest_baseline,4.058556795120239,30.85,0,direct_json,1.0,0.4666666666666667,0.6363636363636364,0.0,0,16.0,27.8,13.6,117.3,118.8,25523.9,76.9,9384.7,6744.1,"{'timestamp': '2026-09-09T02:52:41.819085+00:00', 'model_version': 'mistral-nemo:latest', 'prompt_hash': 'a6af280e'}"
10,real_mixed_106,mistral-nemo:latest_baseline,2.550769805908203,31.77,0,direct_json,1.0,0.6666666666666666,0.8,0.0,0,16.4,28.6,21.1,114.7,116.1,25365.6,77.0,9384.7,6744.1,"{'timestamp': '2026-09-09T02:52:44.383573+00:00', 'model_version': 'mistral-nemo:latest', 'prompt_hash': 'a6af280e'}"
10,real_mixed_107,mistral-nemo:latest_baseline,7.626185178756714,29.84,0,direct_json,0.75,0.6428571428571429,0.6923076923076924,0.0,0,17.0,28.9,7.1,113.8,114.1,25076.5,77.8,9384.7,6744.1,"{'timestamp': '2026-09-09T02:52:52.029970+00:00', 'model_version': 'mistral-nemo:latest', 'prompt_hash': 'a6af280e'}"
10,real_mixed_108,mistral-nemo:latest_baseline,3.06455397605896,31.6,0,direct_json,1.0,0.25,0.4,0.0,0,12.3,21.6,18.1,113.6,113.6,24747.9,78.1,9384.7,6744.1,"{'timestamp': '2026-09-09T02:52:55.118903+00:00', 'model_version': 'mistral-nemo:latest', 'prompt_hash': 'a6af280e'}"
10,real_mixed_109,mistral-nemo:latest_baseline,7.100535154342651,30.26,0,direct_json,1.0,0.6551724137931034,0.7916666666666666,0.0,0,18.7,34.2,7.7,113.7,113.8,24724.9,78.4,9384.7,6744.1,"{'timestamp': '2026-09-09T02:53:02.267457+00:00', 'model_version': 'mistral-nemo:latest', 'prompt_hash': 'a6af280e'}"
10,real_mixed_110,mistral-nemo:latest_baseline,5.075780868530273,30.28,0,direct_json,0.8571428571428571,0.25,0.3870967741935483,0.0,0,18.7,30.0,10.7,113.8,113.8,24666.0,78.5,9384.7,6744.1,"{'timestamp': '2026-09-09T02:53:07.388397+00:00', 'model_version': 'mistral-nemo:latest', 'prompt_hash': 'a6af280e'}"
11,real_mixed_111,mistral-nemo:latest_baseline,6.621235132217407,30.57,0,direct_json,0.9655172413793104,0.8235294117647058,0.888888888888889,0.0,0,19.3,30.3,8.1,114.3,114.3,24720.2,78.4,9384.7,6744.1,"{'timestamp': '2026-09-09T02:53:14.081989+00:00', 'model_version': 'mistral-nemo:latest', 'prompt_hash': 'a6af280e'}"
11,real_mixed_112,mistral-nemo:latest_baseline,3.058321714401245,31.19,0,direct_json,0.4,0.25,0.3076923076923077,0.0,0,13.9,20.1,17.8,114.4,114.4,24712.2,78.3,9384.7,6744.1,"{'timestamp': '2026-09-09T02:53:17.153951+00:00', 'model_version': 'mistral-nemo:latest', 'prompt_hash': 'a6af280e'}"
11,real_mixed_113,mistral-nemo:latest_baseline,3.5556118488311768,30.98,0,direct_json,0.7142857142857143,0.5,0.588235294117647,0.0,0,21.8,33.7,14.8,114.4,114.4,24806.7,78.3,9384.7,6744.1,"{'timestamp': '2026-09-09T02:53:20.725830+00:00', 'model_version': 'mistral-nemo:latest', 'prompt_hash': 'a6af280e'}"
11,real_mixed_114,mistral-nemo:latest_baseline,4.561230897903442,30.32,0,direct_json,0.9166666666666666,0.7333333333333333,0.8148148148148148,0.0,0,25.8,45.3,11.8,114.4,114.4,24708.1,78.3,9384.7,6744.1,"{'timestamp': '2026-09-09T02:53:25.318377+00:00', 'model_version': 'mistral-nemo:latest', 'prompt_hash': 'a6af280e'}"
11,real_mixed_115,mistral-nemo:latest_baseline,2.536285877227783,31.39,0,direct_json,1.0,0.5,0.6666666666666666,0.0,0,17.6,20.1,21.7,114.4,114.4,24744.6,78.5,9384.7,6744.1,"{'timestamp': '2026-09-09T02:53:27.861835+00:00', 'model_version': 'mistral-nemo:latest', 'prompt_hash': 'a6af280e'}"
11,real_mixed_116,mistral-nemo:latest_baseline,2.5435190200805664,31.9,0,direct_json,0.0,0.0,0.0,0.0,0,19.3,29.9,21.3,114.4,114.4,24643.9,78.6,9384.7,6744.1,"{'timestamp': '2026-09-09T02:53:30.416903+00:00', 'model_version': 'mistral-nemo:latest', 'prompt_hash': 'a6af280e'}"
11,real_mixed_117,mistral-nemo:latest_baseline,4.072253942489624,30.3,0,direct_json,0.8333333333333334,0.35714285714285715,0.5,0.0,0,17.6,28.5,13.4,114.4,114.4,24559.7,78.6,9384.7,6744.1,"{'timestamp': '2026-09-09T02:53:34.526785+00:00', 'model_version': 'mistral-nemo:latest', 'prompt_hash': 'a6af280e'}"
11,real_mixed_118,mistral-nemo:latest_baseline,3.550083875656128,30.99,0,direct_json,0.8888888888888888,1.0,0.9411764705882353,0.0,0,15.7,21.6,16.0,113.6,114.4,24480.4,78.9,9384.7,6744.1,"{'timestamp': '2026-09-09T02:53:38.090239+00:00', 'model_version': 'mistral-nemo:latest', 'prompt_hash': 'a6af280e'}"
11,real_mixed_119,mistral-nemo:latest_baseline,3.0633649826049805,31.17,0,direct_json,1.0,0.625,0.7692307692307693,0.0,0,14.5,27.4,17.8,113.2,113.5,24493.9,79.1,9384.7,6744.1,"{'timestamp': '2026-09-09T02:53:41.168458+00:00', 'model_version': 'mistral-nemo:latest', 'prompt_hash': 'a6af280e'}"
11,real_mixed_120,mistral-nemo:latest_baseline,3.563162088394165,30.93,0,direct_json,0.875,0.5833333333333334,0.7000000000000001,0.0,0,17.3,29.1,15.4,112.8,112.8,24348.7,78.9,9384.7,6744.1,"{'timestamp': '2026-09-09T02:53:44.756124+00:00', 'model_version': 'mistral-nemo:latest', 'prompt_hash': 'a6af280e'}"
0,real_mixed_1,mistral-nemo:latest_kb_rag,6.103622198104858,30.11,0,direct_json,1.0,0.7647058823529411,0.8666666666666666,0.0,0,12.9,22.7,9.1,349.2,349.3,24279.3,79.4,9384.7,6744.1,"{'timestamp': '2026-09-09T02:53:51.158298+00:00', 'model_version': 'mistral-nemo:latest', 'prompt_hash': 'a6af280e'}"
0,real_mixed_2,mistral-nemo:latest_kb_rag,5.077276945114136,30.46,0,fallback,0.875,0.4117647058823529,0.56,0.0,0,14.0,21.6,11.7,358.5,362.2,24015.2,80.1,9384.7,6744.1,"{'timestamp': '2026-09-09T02:53:56.356936+00:00', 'model_version': 'mistral-nemo:latest', 'prompt_hash': 'a6af280e'}"
0,real_mixed_3,mistral-nemo:latest_kb_rag,6.602103233337402,28.24,0,fallback,0.8181818181818182,0.5294117647058824,0.6428571428571428,0.0,0,27.5,78.5,8.2,380.3,382.5,23945.5,80.3,9384.7,6744.1,"{'timestamp': '2026-09-09T02:54:03.071358+00:00', 'model_version': 'mistral-nemo:latest', 'prompt_hash': 'a6af280e'}"
0,real_mixed_4,mistral-nemo:latest_kb_rag,3.5540812015533447,30.44,0,direct_json,1.0,0.3333333333333333,0.5,0.0,0,30.4,68.1,15.3,380.7,380.8,23784.9,80.2,9384.7,6744.1,"{'timestamp': '2026-09-09T02:54:06.770364+00:00', 'model_version': 'mistral-nemo:latest', 'prompt_hash': 'a6af280e'}"
0,real_mixed_5,mistral-nemo:latest_kb_rag,4.076844215393066,30.26,0,fallback,1.0,0.3333333333333333,0.5,0.0,0,19.3,28.6,13.4,381.2,381.2,23763.2,80.3,9384.7,6744.1,"{'timestamp': '2026-09-09T02:54:10.972574+00:00', 'model_version': 'mistral-nemo:latest', 'prompt_hash': 'a6af280e'}"
0,real_mixed_6,mistral-nemo:latest_kb_rag,4.580539226531982,29.94,0,direct_json,0.9285714285714286,0.65,0.7647058823529412,0.0,0,19.0,31.1,11.9,381.6,381.6,23777.6,80.2,9384.7,6744.1,"{'timestamp': '2026-09-09T02:54:15.669583+00:00', 'model_version': 'mistral-nemo:latest', 'prompt_hash': 'a6af280e'}"
0,real_mixed_7,mistral-nemo:latest_kb_rag,5.070465087890625,30.13,0,direct_json,1.0,0.45,0.6206896551724138,0.0,0,15.8,24.4,10.8,382.1,382.1,23882.5,80.2,9384.7,6744.1,"{'timestamp': '2026-09-09T02:54:20.856516+00:00', 'model_version': 'mistral-nemo:latest', 'prompt_hash': 'a6af280e'}"
0,real_mixed_8,mistral-nemo:latest_kb_rag,3.5699079036712646,29.96,0,fallback,1.0,0.3333333333333333,0.5,0.0,0,22.1,29.9,15.5,377.7,382.3,23772.8,80.3,9384.7,6744.1,"{'timestamp': '2026-09-09T02:54:24.541415+00:00', 'model_version': 'mistral-nemo:latest', 'prompt_hash': 'a6af280e'}"
0,real_mixed_9,mistral-nemo:latest_kb_rag,4.572705984115601,30.26,0,direct_json,0.75,0.375,0.5,0.0,0,22.1,34.7,11.9,376.3,377.5,23769.6,80.4,9384.7,6744.1,"{'timestamp': '2026-09-09T02:54:29.236477+00:00', 'model_version': 'mistral-nemo:latest', 'prompt_hash': 'a6af280e'}"
0,real_mixed_10,mistral-nemo:latest_kb_rag,4.073375940322876,30.35,0,fallback,0.875,0.5,0.6363636363636364,0.0,0,23.6,33.0,13.5,360.0,375.6,23662.5,80.7,9384.7,6744.1,"{'timestamp': '2026-09-09T02:54:33.438920+00:00', 'model_version': 'mistral-nemo:latest', 'prompt_hash': 'a6af280e'}"
1,real_mixed_11,mistral-nemo:latest_kb_rag,12.668475151062012,29.43,0,direct_json,0.9411764705882353,0.5925925925925926,0.7272727272727272,0.0,0,18.1,49.1,6.8,475.6,477.6,23420.4,81.1,9384.7,6744.1,"{'timestamp': '2026-09-09T02:54:46.331992+00:00', 'model_version': 'mistral-nemo:latest', 'prompt_hash': 'a6af280e'}"
1,real_mixed_12,mistral-nemo:latest_kb_rag,3.043260097503662,30.41,0,fallback,1.0,0.4166666666666667,0.5882352941176471,0.0,0,14.7,26.4,43.8,470.9,473.2,23531.8,81.0,9384.7,6744.1,"{'timestamp': '2026-09-09T02:54:36.693856+00:00', 'model_version': 'mistral-nemo:latest', 'prompt_hash': 'a6af280e'}"
1,real_mixed_13,mistral-nemo:latest_kb_rag,15.22987699508667,29.83,0,fallback,0.8333333333333334,0.37037037037037035,0.5128205128205128,0.0,0,19.0,42.1,5.7,477.9,478.5,23339.3,81.2,9384.7,6744.1,"{'timestamp': '2026-09-09T02:54:52.057146+00:00', 'model_version': 'mistral-nemo:latest', 'prompt_hash': 'a6af280e'}"
1,real_mixed_14,mistral-nemo:latest_kb_rag,13.157984972000122,29.37,0,fallback,0.7692307692307693,0.6666666666666666,0.7142857142857142,0.0,0,21.9,40.0,6.8,478.2,478.8,23185.4,81.4,9384.7,6744.1,"{'timestamp': '2026-09-09T02:54:59.607828+00:00', 'model_version': 'mistral-nemo:latest', 'prompt_hash': 'a6af280e'}"
1,real_mixed_15,mistral-nemo:latest_kb_rag,12.171411037445068,29.87,0,fallback,0.6923076923076923,0.42857142857142855,0.5294117647058824,0.0,0,18.7,34.0,7.2,476.1,478.8,23143.0,81.4,9384.7,6744.1,"{'timestamp': '2026-09-09T02:55:04.351570+00:00', 'model_version': 'mistral-nemo:latest', 'prompt_hash': 'a6af280e'}"
1,real_mixed_16,mistral-nemo:latest_kb_rag,7.59195613861084,30.98,0,fallback,1.0,0.08333333333333333,0.15384615384615385,0.0,0,18.9,36.0,11.6,471.9,473.9,23194.5,81.4,9384.7,6744.1,"{'timestamp': '2026-09-09T02:55:07.311915+00:00', 'model_version': 'mistral-nemo:latest', 'prompt_hash': 'a6af280e'}"
1,real_mixed_17,mistral-nemo:latest_kb_rag,6.099622011184692,30.16,0,direct_json,0.625,1.0,0.7692307692307693,0.0,0,18.1,28.1,14.3,470.7,470.8,23275.4,81.5,9384.7,6744.1,"{'timestamp': '2026-09-09T02:55:10.557014+00:00', 'model_version': 'mistral-nemo:latest', 'prompt_hash': 'a6af280e'}"
1,real_mixed_18,mistral-nemo:latest_kb_rag,7.5910820960998535,29.73,0,fallback,1.0,0.6428571428571429,0.782608695652174,0.0,0,19.1,30.3,11.8,470.8,470.9,23258.3,81.3,9384.7,6744.1,"{'timestamp': '2026-09-09T02:55:15.017842+00:00', 'model_version': 'mistral-nemo:latest', 'prompt_hash': 'a6af280e'}"
1,real_mixed_19,mistral-nemo:latest_kb_rag,8.620392084121704,30.43,0,direct_json,1.0,0.7727272727272727,0.8717948717948718,0.0,0,17.1,39.5,10.1,470.8,470.9,23270.5,81.2,9384.7,6744.1,"{'timestamp': '2026-09-09T02:55:19.315129+00:00', 'model_version': 'mistral-nemo:latest', 'prompt_hash': 'a6af280e'}"
1,real_mixed_20,mistral-nemo:latest_kb_rag,8.129575967788696,30.58,0,direct_json,1.0,0.3157894736842105,0.4799999999999999,0.0,0,16.6,34.9,7.2,470.8,470.9,23297.9,81.2,9384.7,6744.1,"{'timestamp': '2026-09-09T02:55:23.290897+00:00', 'model_version': 'mistral-nemo:latest', 'prompt_hash': 'a6af280e'}"
2,real_mixed_21,mistral-nemo:latest_kb_rag,6.095063209533691,29.92,0,direct_json,0.8333333333333334,0.3125,0.45454545454545453,0.0,0,15.4,30.4,26.3,483.4,483.5,23324.3,81.2,9384.7,6744.1,"{'timestamp': '2026-09-09T02:55:29.588856+00:00', 'model_version': 'mistral-nemo:latest', 'prompt_hash': 'a6af280e'}"
2,real_mixed_22,mistral-nemo:latest_kb_rag,2.0283069610595703,30.78,0,direct_json,0.5,0.6666666666666666,0.5714285714285715,0.0,0,19.8,30.4,27.3,483.4,483.5,23291.4,81.2,9384.7,6744.1,"{'timestamp': '2026-09-09T02:55:25.509195+00:00', 'model_version': 'mistral-nemo:latest', 'prompt_hash': 'a6af280e'}"
2,real_mixed_23,mistral-nemo:latest_kb_rag,7.608108043670654,30.8,0,fallback,0.8,0.23529411764705882,0.3636363636363636,0.0,0,15.6,22.6,11.5,477.8,483.5,23281.2,81.3,9384.7,6744.1,"{'timestamp': '2026-09-09T02:55:33.242581+00:00', 'model_version': 'mistral-nemo:latest', 'prompt_hash': 'a6af280e'}"
2,real_mixed_24,mistral-nemo:latest_kb_rag,8.114124059677124,29.96,0,fallback,1.0,0.45454545454545453,0.625,0.0,0,16.9,27.9,10.8,473.4,476.1,23248.8,81.3,9384.7,6744.1,"{'timestamp': '2026-09-09T02:55:37.818597+00:00', 'model_version': 'mistral-nemo:latest', 'prompt_hash': 'a6af280e'}"
2,real_mixed_25,mistral-nemo:latest_kb_rag,8.119696140289307,30.23,0,direct_json,0.6666666666666666,0.35294117647058826,0.46153846153846156,0.0,0,17.7,30.0,10.8,474.0,476.1,23271.5,81.3,9384.7,6744.1,"{'timestamp': '2026-09-09T02:55:41.491799+00:00', 'model_version': 'mistral-nemo:latest', 'prompt_hash': 'a6af280e'}"
2,real_mixed_26,mistral-nemo:latest_kb_rag,8.60642409324646,29.97,0,direct_json,1.0,0.23809523809523808,0.3846153846153846,0.0,0,19.4,29.2,10.4,444.1,472.6,23254.5,81.3,9384.7,6744.1,"{'timestamp': '2026-09-09T02:55:46.577694+00:00', 'model_version': 'mistral-nemo:latest', 'prompt_hash': 'a6af280e'}"
2,real_mixed_27,mistral-nemo:latest_kb_rag,17.255274295806885,28.19,0,direct_json,0.8333333333333334,0.46875,0.6,0.0,0,20.3,39.9,5.2,388.3,472.6,23102.6,81.7,9384.7,6744.1,"{'timestamp': '2026-09-09T02:55:58.872865+00:00', 'model_version': 'mistral-nemo:latest', 'prompt_hash': 'a6af280e'}"
2,real_mixed_28,mistral-nemo:latest_kb_rag,16.232391834259033,30.16,0,direct_json,1.0,0.5,0.6666666666666666,0.0,0,19.5,39.9,5.8,372.7,377.3,22978.1,82.0,9384.7,6744.1,"{'timestamp': '2026-09-09T02:56:02.933723+00:00', 'model_version': 'mistral-nemo:latest', 'prompt_hash': 'a6af280e'}"
2,real_mixed_29,mistral-nemo:latest_kb_rag,9.654098987579346,29.87,0,fallback,0.782608695652174,0.72,0.7499999999999999,0.0,0,17.3,33.4,9.2,376.5,378.4,22796.3,82.1,9384.7,6744.1,"{'timestamp': '2026-09-09T02:56:08.690660+00:00', 'model_version': 'mistral-nemo:latest', 'prompt_hash': 'a6af280e'}"
2,real_mixed_30,mistral-nemo:latest_kb_rag,8.13152289390564,30.84,0,direct_json,0.6666666666666666,0.15384615384615385,0.25,0.0,0,17.4,29.1,7.5,377.3,378.4,22863.9,82.0,9384.7,6744.1,"{'timestamp': '2026-09-09T02:56:11.186450+00:00', 'model_version': 'mistral-nemo:latest', 'prompt_hash': 'a6af280e'}"
3,real_mixed_31,mistral-nemo:latest_kb_rag,3.044179916381836,31.1,0,direct_json,0.5,0.4,0.4444444444444445,0.0,0,13.8,21.6,17.8,492.7,492.9,22973.6,81.6,9384.7,6744.1,"{'timestamp': '2026-09-09T02:56:14.459994+00:00', 'model_version': 'mistral-nemo:latest', 'prompt_hash': 'a6af280e'}"
3,real_mixed_32,mistral-nemo:latest_kb_rag,6.587579965591431,29.84,0,fallback,0.9090909090909091,0.625,0.7407407407407406,0.0,0,16.6,23.2,24.6,493.0,493.4,23028.6,81.6,9384.7,6744.1,"{'timestamp': '2026-09-09T02:56:18.006291+00:00', 'model_version': 'mistral-nemo:latest', 'prompt_hash': 'a6af280e'}"
3,real_mixed_33,mistral-nemo:latest_kb_rag,7.106411933898926,30.45,0,direct_json,1.0,0.3333333333333333,0.5,0.0,0,16.2,27.9,12.3,493.4,493.5,23096.2,81.6,9384.7,6744.1,"{'timestamp': '2026-09-09T02:56:21.697323+00:00', 'model_version': 'mistral-nemo:latest', 'prompt_hash': 'a6af280e'}"
3,real_mixed_34,mistral-nemo:latest_kb_rag,6.599167108535767,30.87,0,direct_json,1.0,0.21428571428571427,0.35294117647058826,0.0,0,15.7,26.3,13.7,493.4,493.5,23047.7,81.7,9384.7,6744.1,"{'timestamp': '2026-09-09T02:56:24.726406+00:00', 'model_version': 'mistral-nemo:latest', 'prompt_hash': 'a6af280e'}"
3,real_mixed_35,mistral-nemo:latest_kb_rag,6.085159063339233,30.37,0,fallback,0.6666666666666666,0.3333333333333333,0.4444444444444444,0.16666666666666666,1,15.0,29.6,14.4,493.5,493.6,23038.6,81.7,9384.7,6744.1,"{'timestamp': '2026-09-09T02:56:27.905082+00:00', 'model_version': 'mistral-nemo:latest', 'prompt_hash': 'a6af280e'}"
3,real_mixed_36,mistral-nemo:latest_kb_rag,6.117253065109253,30.53,0,direct_json,1.0,0.2727272727272727,0.42857142857142855,0.0,0,14.9,24.2,14.2,493.5,493.6,23071.7,81.8,9384.7,6744.1,"{'timestamp': '2026-09-09T02:56:30.970857+00:00', 'model_version': 'mistral-nemo:latest', 'prompt_hash': 'a6af280e'}"
3,real_mixed_37,mistral-nemo:latest_kb_rag,6.605213165283203,30.08,0,fallback,1.0,0.4666666666666667,0.6363636363636364,0.0,0,15.8,25.6,13.0,493.1,493.6,22992.0,81.9,9384.7,6744.1,"{'timestamp': '2026-09-09T02:56:34.624246+00:00', 'model_version': 'mistral-nemo:latest', 'prompt_hash': 'a6af280e'}"
3,real_mixed_38,mistral-nemo:latest_kb_rag,8.629984855651855,30.21,0,fallback,0.8181818181818182,0.5,0.6206896551724137,0.0,0,16.1,30.1,10.1,490.7,493.4,22989.5,81.8,9384.7,6744.1,"{'timestamp': '2026-09-09T02:56:39.726236+00:00', 'model_version': 'mistral-nemo:latest', 'prompt_hash': 'a6af280e'}"
3,real_mixed_39,mistral-nemo:latest_kb_rag,8.130479335784912,30.52,0,direct_json,0.8,0.5,0.6153846153846154,0.0,0,15.6,29.7,10.7,489.2,489.7,23029.9,81.8,9384.7,6744.1,"{'timestamp': '2026-09-09T02:56:42.862632+00:00', 'model_version': 'mistral-nemo:latest', 'prompt_hash': 'a6af280e'}"
3,real_mixed_40,mistral-nemo:latest_kb_rag,7.102925062179565,30.43,0,direct_json,0.8571428571428571,0.4,0.5454545454545455,0.0,0,15.9,26.0,8.0,488.9,489.1,23000.2,81.9,9384.7,6744.1,"{'timestamp': '2026-09-09T02:56:46.947780+00:00', 'model_version': 'mistral-nemo:latest', 'prompt_hash': 'a6af280e'}"
4,real_mixed_41,mistral-nemo:latest_kb_rag,11.14980411529541,30.09,0,direct_json,0.9090909090909091,0.5,0.6451612903225806,0.0,0,15.6,30.8,89.4,596.7,596.8,23059.0,81.7,9384.7,6744.1,"{'timestamp': '2026-09-09T02:56:58.425272+00:00', 'model_version': 'mistral-nemo:latest', 'prompt_hash': 'a6af280e'}"
4,real_mixed_42,mistral-nemo:latest_kb_rag,6.602528095245361,29.96,0,fallback,0.9411764705882353,0.5517241379310345,0.6956521739130435,0.0,0,12.8,24.0,9.4,596.7,596.7,23060.0,81.8,9384.7,6744.1,"{'timestamp': '2026-09-09T02:56:53.893113+00:00', 'model_version': 'mistral-nemo:latest', 'prompt_hash': 'a6af280e'}"
4,real_mixed_43,mistral-nemo:latest_kb_rag,22.838648796081543,28.47,0,direct_json,0.7692307692307693,0.45454545454545453,0.5714285714285714,0.0,0,14.5,35.8,5.4,597.2,597.7,23114.5,81.6,9384.7,6744.1,"{'timestamp': '2026-09-09T02:57:10.110191+00:00', 'model_version': 'mistral-nemo:latest', 'prompt_hash': 'a6af280e'}"
4,real_mixed_44,mistral-nemo:latest_kb_rag,24.350343942642212,29.33,0,direct_json,0.7333333333333333,0.55,0.6285714285714286,0.0,0,14.0,34.2,5.0,575.2,597.7,23055.2,81.6,9384.7,6744.1,"{'timestamp': '2026-09-09T02:57:18.370694+00:00', 'model_version': 'mistral-nemo:latest', 'prompt_hash': 'a6af280e'}"
4,real_mixed_45,mistral-nemo:latest_kb_rag,23.803007125854492,30.19,0,direct_json,0.8,0.5,0.6153846153846154,0.0,0,15.2,38.4,5.4,531.3,597.7,22975.1,81.8,9384.7,6744.1,"{'timestamp': '2026-09-09T02:57:22.351830+00:00', 'model_version': 'mistral-nemo:latest', 'prompt_hash': 'a6af280e'}"
4,real_mixed_46,mistral-nemo:latest_kb_rag,14.198296070098877,30.56,0,direct_json,1.0,0.2,0.33333333333333337,0.0,0,19.9,38.3,9.3,456.3,594.3,22764.8,82.2,9384.7,6744.1,"{'timestamp': '2026-09-09T02:57:24.455903+00:00', 'model_version': 'mistral-nemo:latest', 'prompt_hash': 'a6af280e'}"
4,real_mixed_47,mistral-nemo:latest_kb_rag,13.172106981277466,29.76,0,direct_json,0.7857142857142857,0.7857142857142857,0.7857142857142857,0.0,0,18.8,41.2,9.3,351.8,391.8,22625.3,82.6,9384.7,6744.1,"{'timestamp': '2026-09-09T02:57:31.724111+00:00', 'model_version': 'mistral-nemo:latest', 'prompt_hash': 'a6af280e'}"
4,real_mixed_48,mistral-nemo:latest_kb_rag,11.671185731887817,31.03,0,direct_json,0.5,0.1,0.16666666666666669,0.0,0,20.8,41.9,10.4,354.6,391.9,22634.7,82.5,9384.7,6744.1,"{'timestamp': '2026-09-09T02:57:34.159977+00:00', 'model_version': 'mistral-nemo:latest', 'prompt_hash': 'a6af280e'}"
4,real_mixed_49,mistral-nemo:latest_kb_rag,14.20548701286316,29.95,0,fallback,0.75,0.3333333333333333,0.46153846153846156,0.0,0,18.5,41.9,6.6,342.8,391.9,22628.5,82.5,9384.7,6744.1,"{'timestamp': '2026-09-09T02:57:38.797009+00:00', 'model_version': 'mistral-nemo:latest', 'prompt_hash': 'a6af280e'}"
4,real_mixed_50,mistral-nemo:latest_kb_rag,10.129944801330566,30.18,0,direct_json,1.0,0.42105263157894735,0.5925925925925926,0.0,0,16.3,25.2,6.0,329.9,391.9,22632.5,82.6,9384.7,6744.1,"{'timestamp': '2026-09-09T02:57:41.981089+00:00', 'model_version': 'mistral-nemo:latest', 'prompt_hash': 'a6af280e'}"
5,real_mixed_51,mistral-nemo:latest_kb_rag,7.6151111125946045,30.58,0,direct_json,1.0,0.4,0.5714285714285715,0.0,0,15.0,25.1,14.0,488.3,589.9,22351.6,83.0,9384.7,6744.1,"{'timestamp': '2026-09-09T02:57:49.988214+00:00', 'model_version': 'mistral-nemo:latest', 'prompt_hash': 'a6af280e'}"
5,real_mixed_52,mistral-nemo:latest_kb_rag,4.061200141906738,29.92,0,fallback,0.8888888888888888,0.38095238095238093,0.5333333333333333,0.0,0,13.7,19.8,29.3,558.9,589.9,22356.5,83.1,9384.7,6744.1,"{'timestamp': '2026-09-09T02:57:46.436729+00:00', 'model_version': 'mistral-nemo:latest', 'prompt_hash': 'a6af280e'}"
5,real_mixed_53,mistral-nemo:latest_kb_rag,11.14647912979126,30.22,0,fallback,0.9,0.5625,0.6923076923076923,0.0,0,16.0,26.3,10.8,439.7,589.9,22410.6,82.9,9384.7,6744.1,"{'timestamp': '2026-09-09T02:57:53.522027+00:00', 'model_version': 'mistral-nemo:latest', 'prompt_hash': 'a6af280e'}"
5,real_mixed_54,mistral-nemo:latest_kb_rag,9.64979100227356,30.63,0,direct_json,1.0,0.75,0.8571428571428571,0.0,0,16.3,24.1,12.8,390.6,449.2,22473.3,82.8,9384.7,6744.1,"{'timestamp': '2026-09-09T02:57:56.199900+00:00', 'model_version': 'mistral-nemo:latest', 'prompt_hash': 'a6af280e'}"
5,real_mixed_55,mistral-nemo:latest_kb_rag,10.628880023956299,29.76,0,fallback,0.9,0.45,0.6,0.0,0,18.3,35.6,11.5,380.2,416.6,22533.5,82.8,9384.7,6744.1,"{'timestamp': '2026-09-09T02:58:00.748684+00:00', 'model_version': 'mistral-nemo:latest', 'prompt_hash': 'a6af280e'}"
5,real_mixed_56,mistral-nemo:latest_kb_rag,10.642982244491577,30.06,0,fallback,0.75,0.23076923076923078,0.3529411764705882,0.0,0,19.1,35.7,11.6,383.2,416.6,22517.8,82.8,9384.7,6744.1,"{'timestamp': '2026-09-09T02:58:04.307908+00:00', 'model_version': 'mistral-nemo:latest', 'prompt_hash': 'a6af280e'}"
5,real_mixed_57,mistral-nemo:latest_kb_rag,11.652553081512451,30.4,0,direct_json,0.9285714285714286,0.6190476190476191,0.742857142857143,0.0,0,16.1,31.9,10.5,371.2,415.3,22549.9,82.8,9384.7,6744.1,"{'timestamp': '2026-09-09T02:58:07.977997+00:00', 'model_version': 'mistral-nemo:latest', 'prompt_hash': 'a6af280e'}"
5,real_mixed_58,mistral-nemo:latest_kb_rag,11.151648998260498,30.45,0,direct_json,0.9166666666666666,0.6111111111111112,0.7333333333333334,0.0,0,15.0,31.9,11.0,372.3,395.6,22554.6,82.8,9384.7,6744.1,"{'timestamp': '2026-09-09T02:58:12.028359+00:00', 'model_version': 'mistral-nemo:latest', 'prompt_hash': 'a6af280e'}"
5,real_mixed_59,mistral-nemo:latest_kb_rag,18.21912908554077,29.24,0,direct_json,0.9411764705882353,0.6153846153846154,0.744186046511628,0.0,0,15.1,31.5,5.2,318.5,395.6,22498.6,82.8,9384.7,6744.1,"{'timestamp': '2026-09-09T02:58:22.660769+00:00', 'model_version': 'mistral-nemo:latest', 'prompt_hash': 'a6af280e'}"
5,real_mixed_60,mistral-nemo:latest_kb_rag,18.240989923477173,29.7,0,direct_json,1.0,0.5714285714285714,0.7272727272727273,0.0,0,15.1,29.6,3.5,292.6,395.0,22433.8,82.9,9384.7,6744.1,"{'timestamp': '2026-09-09T02:58:26.355430+00:00', 'model_version': 'mistral-nemo:latest', 'prompt_hash': 'a6af280e'}"
6,real_mixed_61,mistral-nemo:latest_kb_rag,23.335231065750122,27.87,0,direct_json,0.7777777777777778,0.5833333333333334,0.6666666666666666,0.037037037037037035,1,27.5,41.6,9.0,323.4,596.1,22138.1,83.2,9384.7,6744.1,"{'timestamp': '2026-09-09T02:58:50.066928+00:00', 'model_version': 'mistral-nemo:latest', 'prompt_hash': 'a6af280e'}"
6,real_mixed_62,mistral-nemo:latest_kb_rag,7.60217809677124,30.3,0,fallback,1.0,0.3333333333333333,0.5,0.0,0,19.7,31.8,21.0,453.7,596.1,22027.0,83.7,9384.7,6744.1,"{'timestamp': '2026-09-09T02:58:34.316148+00:00', 'model_version': 'mistral-nemo:latest', 'prompt_hash': 'a6af280e'}"
6,real_mixed_63,mistral-nemo:latest_kb_rag,3.549906015396118,30.17,0,fallback,0.75,0.2,0.31578947368421056,0.0,0,18.4,30.0,15.0,512.8,596.1,22110.2,83.7,9384.7,6744.1,"{'timestamp': '2026-09-09T02:58:30.258499+00:00', 'model_version': 'mistral-nemo:latest', 'prompt_hash': 'a6af280e'}"
6,real_mixed_64,mistral-nemo:latest_kb_rag,22.8260281085968,30.74,0,direct_json,0.6666666666666666,0.5,0.5714285714285715,0.0,0,25.8,43.0,5.6,305.7,426.5,22166.6,83.1,9384.7,6744.1,"{'timestamp': '2026-09-09T02:58:53.207704+00:00', 'model_version': 'mistral-nemo:latest', 'prompt_hash': 'a6af280e'}"
6,real_mixed_65,mistral-nemo:latest_kb_rag,21.811609268188477,30.81,0,direct_json,0.6666666666666666,0.18181818181818182,0.28571428571428575,0.0,0,27.7,42.7,5.8,293.3,426.5,22252.7,82.9,9384.7,6744.1,"{'timestamp': '2026-09-09T02:58:56.251613+00:00', 'model_version': 'mistral-nemo:latest', 'prompt_hash': 'a6af280e'}"
6,real_mixed_66,mistral-nemo:latest_kb_rag,9.635798215866089,29.43,0,direct_json,0.7142857142857143,0.19230769230769232,0.30303030303030304,0.0,0,24.1,36.6,12.5,369.1,387.3,22527.5,82.7,9384.7,6744.1,"{'timestamp': '2026-09-09T02:58:59.877411+00:00', 'model_version': 'mistral-nemo:latest', 'prompt_hash': 'a6af280e'}"
6,real_mixed_67,mistral-nemo:latest_kb_rag,10.649043083190918,29.77,0,fallback,1.0,0.5,0.6666666666666666,0.0,0,21.0,36.0,11.2,352.2,387.3,22561.3,82.7,9384.7,6744.1,"{'timestamp': '2026-09-09T02:59:03.985868+00:00', 'model_version': 'mistral-nemo:latest', 'prompt_hash': 'a6af280e'}"
6,real_mixed_68,mistral-nemo:latest_kb_rag,12.670023918151855,29.89,0,direct_json,1.0,0.6842105263157895,0.8125000000000001,0.0,0,24.1,41.5,9.7,328.4,387.3,22597.7,82.6,9384.7,6744.1,"{'timestamp': '2026-09-09T02:59:09.044476+00:00', 'model_version': 'mistral-nemo:latest', 'prompt_hash': 'a6af280e'}"
6,real_mixed_69,mistral-nemo:latest_kb_rag,13.659568309783936,30.26,0,fallback,1.0,0.42857142857142855,0.6,0.0,0,19.5,53.6,6.8,303.5,368.7,22597.1,82.6,9384.7,6744.1,"{'timestamp': '2026-09-09T02:59:13.677496+00:00', 'model_version': 'mistral-nemo:latest', 'prompt_hash': 'a6af280e'}"
6,real_mixed_70,mistral-nemo:latest_kb_rag,14.206759929656982,30.11,0,direct_json,0.7142857142857143,0.4,0.5128205128205129,0.0,0,15.2,24.9,4.4,269.9,368.7,22622.8,82.4,9384.7,6744.1,"{'timestamp': '2026-09-09T02:59:18.342262+00:00', 'model_version': 'mistral-nemo:latest', 'prompt_hash': 'a6af280e'}"
7,real_mixed_71,mistral-nemo:latest_kb_rag,11.15316915512085,30.1,0,direct_json,0.8333333333333334,0.35714285714285715,0.5,0.0,0,21.3,77.8,19.4,482.8,702.7,22450.1,83.0,9384.7,6744.1,"{'timestamp': '2026-09-09T02:59:30.005669+00:00', 'model_version': 'mistral-nemo:latest', 'prompt_hash': 'a6af280e'}"
7,real_mixed_72,mistral-nemo:latest_kb_rag,4.067085027694702,30.2,0,direct_json,1.0,0.47058823529411764,0.6399999999999999,0.0,0,12.1,25.5,30.1,597.7,645.4,22455.2,83.1,9384.7,6744.1,"{'timestamp': '2026-09-09T02:59:22.936892+00:00', 'model_version': 'mistral-nemo:latest', 'prompt_hash': 'a6af280e'}"
7,real_mixed_73,mistral-nemo:latest_kb_rag,7.622930288314819,29.74,0,direct_json,0.6666666666666666,0.25,0.36363636363636365,0.0,0,22.8,77.8,22.8,521.2,703.6,22445.7,83.0,9384.7,6744.1,"{'timestamp': '2026-09-09T02:59:26.488167+00:00', 'model_version': 'mistral-nemo:latest', 'prompt_hash': 'a6af280e'}"
7,real_mixed_74,mistral-nemo:latest_kb_rag,14.71529507637024,30.88,0,fallback,1.0,0.3333333333333333,0.5,0.0,0,17.2,37.2,10.5,448.6,645.4,22467.5,83.0,9384.7,6744.1,"{'timestamp': '2026-09-09T02:59:33.584196+00:00', 'model_version': 'mistral-nemo:latest', 'prompt_hash': 'a6af280e'}"
7,real_mixed_75,mistral-nemo:latest_kb_rag,13.203274965286255,30.63,0,fallback,1.0,0.6,0.7499999999999999,0.0,0,17.1,34.1,11.8,393.3,455.1,22489.3,82.9,9384.7,6744.1,"{'timestamp': '2026-09-09T02:59:36.250331+00:00', 'model_version': 'mistral-nemo:latest', 'prompt_hash': 'a6af280e'}"
7,real_mixed_76,mistral-nemo:latest_kb_rag,11.18189001083374,32.22,0,direct_json,0.0,0.0,0.0,0.0,0,16.6,31.3,14.4,374.1,434.5,22506.1,82.9,9384.7,6744.1,"{'timestamp': '2026-09-09T02:59:37.780663+00:00', 'model_version': 'mistral-nemo:latest', 'prompt_hash': 'a6af280e'}"
7,real_mixed_77,mistral-nemo:latest_kb_rag,13.192162990570068,29.89,0,direct_json,0.7857142857142857,0.4782608695652174,0.5945945945945946,0.07142857142857142,1,16.1,32.1,12.1,351.8,406.3,22500.1,82.8,9384.7,6744.1,"{'timestamp': '2026-09-09T02:59:43.340226+00:00', 'model_version': 'mistral-nemo:latest', 'prompt_hash': 'a6af280e'}"
7,real_mixed_78,mistral-nemo:latest_kb_rag,16.707928895950317,28.52,0,direct_json,0.4444444444444444,0.5714285714285714,0.5,0.2222222222222222,2,17.5,52.0,7.7,307.1,394.4,22543.6,82.6,9384.7,6744.1,"{'timestamp': '2026-09-09T02:59:50.425962+00:00', 'model_version': 'mistral-nemo:latest', 'prompt_hash': 'a6af280e'}"
7,real_mixed_79,mistral-nemo:latest_kb_rag,24.817473888397217,28.25,0,direct_json,0.875,0.5833333333333334,0.7000000000000001,0.0,0,18.0,51.4,4.0,263.5,390.8,22617.6,82.5,9384.7,6744.1,"{'timestamp': '2026-09-09T03:00:01.198015+00:00', 'model_version': 'mistral-nemo:latest', 'prompt_hash': 'a6af280e'}"
7,real_mixed_80,mistral-nemo:latest_kb_rag,32.44074010848999,29.2,0,direct_json,0.6666666666666666,0.42857142857142855,0.5217391304347826,0.0,0,18.3,51.2,2.1,224.2,391.0,22586.6,82.7,9384.7,6744.1,"{'timestamp': '2026-09-09T03:00:10.375045+00:00', 'model_version': 'mistral-nemo:latest', 'prompt_hash': 'a6af280e'}"
8,real_mixed_81,mistral-nemo:latest_kb_rag,11.142260074615479,30.19,0,direct_json,1.0,0.5714285714285714,0.7272727272727273,0.0,0,20.9,50.0,15.8,396.3,583.4,22128.5,83.8,9384.7,6744.1,"{'timestamp': '2026-09-09T03:00:22.030803+00:00', 'model_version': 'mistral-nemo:latest', 'prompt_hash': 'a6af280e'}"
8,real_mixed_82,mistral-nemo:latest_kb_rag,14.673889875411987,30.16,0,direct_json,0.625,0.29411764705882354,0.4,0.25,2,17.7,29.4,19.6,382.5,583.4,22118.7,83.8,9384.7,6744.1,"{'timestamp': '2026-09-09T03:00:25.565286+00:00', 'model_version': 'mistral-nemo:latest', 'prompt_hash': 'a6af280e'}"
8,real_mixed_83,mistral-nemo:latest_kb_rag,4.573752164840698,30.24,0,direct_json,1.0,0.7692307692307693,0.8695652173913044,0.0,0,24.3,50.0,24.3,443.6,583.4,22098.5,83.8,9384.7,6744.1,"{'timestamp': '2026-09-09T03:00:15.468343+00:00', 'model_version': 'mistral-nemo:latest', 'prompt_hash': 'a6af280e'}"
8,real_mixed_84,mistral-nemo:latest_kb_rag,7.618172883987427,30.46,0,direct_json,1.0,0.6363636363636364,0.7777777777777778,0.0,0,17.3,29.1,11.8,415.1,583.4,22102.2,83.8,9384.7,6744.1,"{'timestamp': '2026-09-09T03:00:18.506029+00:00', 'model_version': 'mistral-nemo:latest', 'prompt_hash': 'a6af280e'}"
8,real_mixed_85,mistral-nemo:latest_kb_rag,13.7081458568573,30.27,0,direct_json,0.7142857142857143,0.5555555555555556,0.6250000000000001,0.0,0,19.2,44.4,11.2,366.6,417.4,22124.7,83.7,9384.7,6744.1,"{'timestamp': '2026-09-09T03:00:29.305088+00:00', 'model_version': 'mistral-nemo:latest', 'prompt_hash': 'a6af280e'}"
8,real_mixed_86,mistral-nemo:latest_kb_rag,13.689893007278442,29.94,0,direct_json,1.0,0.42857142857142855,0.6,0.0,0,16.8,32.5,11.4,353.2,409.5,22146.4,83.8,9384.7,6744.1,"{'timestamp': '2026-09-09T03:00:32.347879+00:00', 'model_version': 'mistral-nemo:latest', 'prompt_hash': 'a6af280e'}"
8,real_mixed_87,mistral-nemo:latest_kb_rag,12.667220830917358,30.88,0,fallback,1.0,0.36363636363636365,0.5333333333333333,0.0,0,18.4,27.4,12.3,357.2,380.7,22131.3,83.9,9384.7,6744.1,"{'timestamp': '2026-09-09T03:00:34.813652+00:00', 'model_version': 'mistral-nemo:latest', 'prompt_hash': 'a6af280e'}"
8,real_mixed_88,mistral-nemo:latest_kb_rag,10.66810393333435,31.04,0,direct_json,0.75,0.375,0.5,0.0,0,17.7,26.4,12.0,349.6,380.7,22151.2,83.9,9384.7,6744.1,"{'timestamp': '2026-09-09T03:00:36.358541+00:00', 'model_version': 'mistral-nemo:latest', 'prompt_hash': 'a6af280e'}"
8,real_mixed_89,mistral-nemo:latest_kb_rag,10.127181768417358,30.15,0,direct_json,0.8,0.2857142857142857,0.4210526315789473,0.0,0,16.6,25.2,9.4,317.5,380.7,22154.6,83.9,9384.7,6744.1,"{'timestamp': '2026-09-09T03:00:39.564638+00:00', 'model_version': 'mistral-nemo:latest', 'prompt_hash': 'a6af280e'}"
8,real_mixed_90,mistral-nemo:latest_kb_rag,11.674012899398804,30.21,0,direct_json,1.0,0.5454545454545454,0.7058823529411764,0.0,0,18.0,28.0,5.3,276.3,380.7,22161.6,83.9,9384.7,6744.1,"{'timestamp': '2026-09-09T03:00:44.168007+00:00', 'model_version': 'mistral-nemo:latest', 'prompt_hash': 'a6af280e'}"
9,real_mixed_91,mistral-nemo:latest_kb_rag,4.557870864868164,30.24,0,fallback,0.875,0.4117647058823529,0.56,0.0,0,23.2,100.0,20.0,533.6,624.5,22147.5,84.0,9384.7,6744.1,"{'timestamp': '2026-09-09T03:00:49.189842+00:00', 'model_version': 'mistral-nemo:latest', 'prompt_hash': 'a6af280e'}"
9,real_mixed_92,mistral-nemo:latest_kb_rag,13.684406042098999,30.07,0,direct_json,1.0,0.42857142857142855,0.6,0.0,0,16.4,33.3,9.2,447.5,624.6,22191.9,83.8,9384.7,6744.1,"{'timestamp': '2026-09-09T03:00:58.316457+00:00', 'model_version': 'mistral-nemo:latest', 'prompt_hash': 'a6af280e'}"
9,real_mixed_93,mistral-nemo:latest_kb_rag,17.270098209381104,30.02,0,direct_json,0.8571428571428571,0.4,0.5454545454545455,0.14285714285714285,1,19.2,100.0,11.0,426.3,624.6,22243.3,83.8,9384.7,6744.1,"{'timestamp': '2026-09-09T03:01:01.896111+00:00', 'model_version': 'mistral-nemo:latest', 'prompt_hash': 'a6af280e'}"
9,real_mixed_94,mistral-nemo:latest_kb_rag,9.149707078933716,30.18,0,fallback,1.0,0.4090909090909091,0.5806451612903226,0.0,0,18.1,100.0,19.7,483.5,624.5,22150.1,83.9,9384.7,6744.1,"{'timestamp': '2026-09-09T03:00:53.776768+00:00', 'model_version': 'mistral-nemo:latest', 'prompt_hash': 'a6af280e'}"
9,real_mixed_95,mistral-nemo:latest_kb_rag,15.228140830993652,30.68,0,direct_json,0.5714285714285714,0.5,0.5333333333333333,0.0,0,16.8,58.5,10.2,381.9,447.6,22322.4,83.7,9384.7,6744.1,"{'timestamp': '2026-09-09T03:01:04.537009+00:00', 'model_version': 'mistral-nemo:latest', 'prompt_hash': 'a6af280e'}"
9,real_mixed_96,mistral-nemo:latest_kb_rag,13.173430919647217,30.96,0,direct_json,1.0,0.2857142857142857,0.4444444444444445,0.0,0,16.1,66.7,11.9,352.9,422.3,22403.7,83.5,9384.7,6744.1,"{'timestamp': '2026-09-09T03:01:07.071004+00:00', 'model_version': 'mistral-nemo:latest', 'prompt_hash': 'a6af280e'}"
9,real_mixed_97,mistral-nemo:latest_kb_rag,11.659115076065063,30.52,0,direct_json,1.0,0.7692307692307693,0.8695652173913044,0.0,0,16.9,66.7,9.7,357.3,398.7,22474.5,83.3,9384.7,6744.1,"{'timestamp': '2026-09-09T03:01:10.127147+00:00', 'model_version': 'mistral-nemo:latest', 'prompt_hash': 'a6af280e'}"
9,real_mixed_98,mistral-nemo:latest_kb_rag,14.162415027618408,29.4,0,direct_json,0.8666666666666667,0.38235294117647056,0.5306122448979592,0.0,0,16.2,36.3,8.7,312.9,382.5,22483.8,83.2,9384.7,6744.1,"{'timestamp': '2026-09-09T03:01:16.199417+00:00', 'model_version': 'mistral-nemo:latest', 'prompt_hash': 'a6af280e'}"
9,real_mixed_99,mistral-nemo:latest_kb_rag,13.677296161651611,29.93,0,direct_json,0.6666666666666666,0.6666666666666666,0.6666666666666666,0.0,0,16.6,50.0,7.0,301.4,382.6,22471.8,83.2,9384.7,6744.1,"{'timestamp': '2026-09-09T03:01:18.328610+00:00', 'model_version': 'mistral-nemo:latest', 'prompt_hash': 'a6af280e'}"
9,real_mixed_100,mistral-nemo:latest_kb_rag,15.177321910858154,29.98,0,fallback,1.0,0.5238095238095238,0.6875000000000001,0.0,0,19.9,53.8,4.2,250.7,382.6,22404.5,83.3,9384.7,6744.1,"{'timestamp': '2026-09-09T03:01:22.367967+00:00', 'model_version': 'mistral-nemo:latest', 'prompt_hash': 'a6af280e'}"
10,real_mixed_101,mistral-nemo:latest_kb_rag,5.047864198684692,30.68,0,fallback,1.0,0.5,0.6666666666666666,0.0,0,14.9,32.1,24.0,554.0,614.2,21797.9,84.4,9384.7,6744.1,"{'timestamp': '2026-09-09T03:01:28.046033+00:00', 'model_version': 'mistral-nemo:latest', 'prompt_hash': 'a6af280e'}"
10,real_mixed_102,mistral-nemo:latest_kb_rag,13.715686082839966,31.53,0,fallback,1.0,1.0,1.0,0.0,0,18.3,50.0,16.9,504.7,614.2,21894.4,84.2,9384.7,6744.1,"{'timestamp': '2026-09-09T03:01:36.689768+00:00', 'model_version': 'mistral-nemo:latest', 'prompt_hash': 'a6af280e'}"
10,real_mixed_103,mistral-nemo:latest_kb_rag,2.5454111099243164,30.34,0,fallback,0.0,0.0,0.0,0.0,0,20.1,46.7,39.3,616.1,698.0,21778.7,84.5,9384.7,6744.1,"{'timestamp': '2026-09-09T03:01:25.516917+00:00', 'model_version': 'mistral-nemo:latest', 'prompt_hash': 'a6af280e'}"
10,real_mixed_104,mistral-nemo:latest_kb_rag,8.07667589187622,30.37,0,direct_json,1.0,0.38095238095238093,0.5517241379310345,0.0,0,16.0,32.1,26.4,527.4,614.2,21838.2,84.4,9384.7,6744.1,"{'timestamp': '2026-09-09T03:01:31.082409+00:00', 'model_version': 'mistral-nemo:latest', 'prompt_hash': 'a6af280e'}"
10,real_mixed_105,mistral-nemo:latest_kb_rag,12.10753607749939,30.21,0,direct_json,0.875,0.4666666666666667,0.608695652173913,0.0,0,16.8,32.1,13.5,507.6,614.2,21878.6,84.3,9384.7,6744.1,"{'timestamp': '2026-09-09T03:01:35.106930+00:00', 'model_version': 'mistral-nemo:latest', 'prompt_hash': 'a6af280e'}"
10,real_mixed_106,mistral-nemo:latest_kb_rag,14.18860411643982,30.43,0,direct_json,0.75,1.0,0.8571428571428571,0.0,0,13.5,31.9,13.2,483.5,556.8,21958.6,84.1,9384.7,6744.1,"{'timestamp': '2026-09-09T03:01:39.810609+00:00', 'model_version': 'mistral-nemo:latest', 'prompt_hash': 'a6af280e'}"
10,real_mixed_107,mistral-nemo:latest_kb_rag,18.234112977981567,29.59,0,direct_json,0.8,0.5714285714285714,0.6666666666666666,0.0,0,15.8,30.1,8.4,397.3,510.7,22099.9,83.9,9384.7,6744.1,"{'timestamp': '2026-09-09T03:01:46.393164+00:00', 'model_version': 'mistral-nemo:latest', 'prompt_hash': 'a6af280e'}"
10,real_mixed_108,mistral-nemo:latest_kb_rag,18.723779916763306,31.02,0,fallback,1.0,0.25,0.4,0.0,0,16.4,30.1,6.6,353.6,483.8,22168.5,83.8,9384.7,6744.1,"{'timestamp': '2026-09-09T03:01:49.923767+00:00', 'model_version': 'mistral-nemo:latest', 'prompt_hash': 'a6af280e'}"
10,real_mixed_109,mistral-nemo:latest_kb_rag,20.769731998443604,29.95,0,fallback,0.7894736842105263,0.5172413793103449,0.625,0.0,0,17.0,29.0,4.3,293.9,482.9,22248.5,83.7,9384.7,6744.1,"{'timestamp': '2026-09-09T03:01:56.014022+00:00', 'model_version': 'mistral-nemo:latest', 'prompt_hash': 'a6af280e'}"
10,real_mixed_110,mistral-nemo:latest_kb_rag,24.304797887802124,29.9,0,fallback,0.5555555555555556,0.20833333333333334,0.30303030303030304,0.0,0,13.8,29.7,2.6,267.3,482.8,22287.0,83.7,9384.7,6744.1,"{'timestamp': '2026-09-09T03:02:01.120926+00:00', 'model_version': 'mistral-nemo:latest', 'prompt_hash': 'a6af280e'}"
11,real_mixed_111,mistral-nemo:latest_kb_rag,7.587544918060303,30.21,0,direct_json,0.9655172413793104,0.8235294117647058,0.888888888888889,0.0,0,17.7,52.2,22.7,480.2,710.0,22145.9,83.7,9384.7,6744.1,"{'timestamp': '2026-09-09T03:02:09.232638+00:00', 'model_version': 'mistral-nemo:latest', 'prompt_hash': 'a6af280e'}"
11,real_mixed_112,mistral-nemo:latest_kb_rag,10.631830215454102,30.51,0,direct_json,0.4,0.25,0.3076923076923077,0.0,0,16.5,66.7,9.5,455.2,719.1,22178.9,83.7,9384.7,6744.1,"{'timestamp': '2026-09-09T03:02:12.280168+00:00', 'model_version': 'mistral-nemo:latest', 'prompt_hash': 'a6af280e'}"
11,real_mixed_113,mistral-nemo:latest_kb_rag,18.71286106109619,30.56,0,direct_json,0.7142857142857143,0.5,0.588235294117647,0.0,0,14.9,28.7,13.3,433.6,598.8,22256.8,83.6,9384.7,6744.1,"{'timestamp': '2026-09-09T03:02:20.377135+00:00', 'model_version': 'mistral-nemo:latest', 'prompt_hash': 'a6af280e'}"
11,real_mixed_114,mistral-nemo:latest_kb_rag,13.733673810958862,30.44,0,fallback,1.0,0.5333333333333333,0.6956521739130436,0.0,0,14.8,64.3,10.1,451.5,719.1,22198.6,83.6,9384.7,6744.1,"{'timestamp': '2026-09-09T03:02:15.390527+00:00', 'model_version': 'mistral-nemo:latest', 'prompt_hash': 'a6af280e'}"
11,real_mixed_115,mistral-nemo:latest_kb_rag,15.757045030593872,31.57,0,direct_json,1.0,0.25,0.4,0.0,0,13.5,28.6,10.0,442.5,598.8,22225.0,83.6,9384.7,6744.1,"{'timestamp': '2026-09-09T03:02:17.410798+00:00', 'model_version': 'mistral-nemo:latest', 'prompt_hash': 'a6af280e'}"
11,real_mixed_116,mistral-nemo:latest_kb_rag,13.179403066635132,31.24,0,direct_json,0.0,0.0,0.0,0.0,0,14.0,29.4,13.5,412.9,431.1,22334.1,83.4,9384.7,6744.1,"{'timestamp': '2026-09-09T03:02:22.531419+00:00', 'model_version': 'mistral-nemo:latest', 'prompt_hash': 'a6af280e'}"
11,real_mixed_117,mistral-nemo:latest_kb_rag,13.681064128875732,29.8,0,direct_json,0.8,0.2857142857142857,0.4210526315789473,0.0,0,14.4,29.6,10.6,399.1,429.4,22404.0,83.3,9384.7,6744.1,"{'timestamp': '2026-09-09T03:02:26.100667+00:00', 'model_version': 'mistral-nemo:latest', 'prompt_hash': 'a6af280e'}"
11,real_mixed_118,mistral-nemo:latest_kb_rag,13.662537097930908,30.36,0,direct_json,0.8571428571428571,0.75,0.7999999999999999,0.0,0,12.3,29.1,9.0,365.7,424.9,22468.8,83.2,9384.7,6744.1,"{'timestamp': '2026-09-09T03:02:29.161758+00:00', 'model_version': 'mistral-nemo:latest', 'prompt_hash': 'a6af280e'}"
11,real_mixed_119,mistral-nemo:latest_kb_rag,15.680393934249878,30.49,0,direct_json,1.0,0.75,0.8571428571428571,0.0,0,12.9,29.1,6.1,332.0,424.8,22529.2,83.1,9384.7,6744.1,"{'timestamp': '2026-09-09T03:02:33.206137+00:00', 'model_version': 'mistral-nemo:latest', 'prompt_hash': 'a6af280e'}"
11,real_mixed_120,mistral-nemo:latest_kb_rag,16.729818105697632,29.72,0,fallback,0.625,0.4166666666666667,0.5,0.0,0,18.1,33.5,4.0,298.5,411.7,22568.4,83.0,9384.7,6744.1,"{'timestamp': '2026-09-09T03:02:37.227581+00:00', 'model_version': 'mistral-nemo:latest', 'prompt_hash': 'a6af280e'}"
