batch_idx,record_id,model,latency_sec,tokens_per_sec,retries,parse_method,precision,recall,f1,hallucination_rate,hallucinated_count,cpu_avg_pct,cpu_peak_pct,proc_cpu_avg_pct,mem_avg_mb,mem_peak_mb,sys_mem_avg_mb,sys_mem_avg_pct,vram_mb,model_disk_mb,data_provenance
0,real_mixed_1,nemotron-mini:4b_baseline,31.754896879196167,39.19,0,direct_json,0.333333,0.076923,0.125000,0.6666666666666666,2,11.8,41.1,3.0,155.3,263.9,24164.5,76.9,2461.9,2572.4,"{'timestamp': '2026-09-06T15:52:09.944489+00:00', 'model_version': 'nemotron-mini:4b', 'prompt_hash': 'a6af280e'}"
0,real_mixed_2,nemotron-mini:4b_baseline,16.150676012039185,42.69,0,direct_json,0.375000,0.250000,0.300000,0.0,0,13.1,41.1,30.3,207.6,263.9,24060.9,79.8,2461.9,2572.4,"{'timestamp': '2026-09-06T15:51:54.324718+00:00', 'model_version': 'nemotron-mini:4b', 'prompt_hash': 'a6af280e'}"
0,real_mixed_3,nemotron-mini:4b_baseline,21.200089931488037,26.01,0,direct_json,0.222222,0.166667,0.190476,0.0,0,13.0,41.1,12.3,182.1,263.9,23820.0,78.2,2461.9,2572.4,"{'timestamp': '2026-09-06T15:51:59.379540+00:00', 'model_version': 'nemotron-mini:4b', 'prompt_hash': 'a6af280e'}"
1,real_mixed_4,nemotron-mini:4b_baseline,30.261301040649414,26.95,0,direct_json,0.333333,0.285714,0.307692,0.16666666666666666,2,11.7,41.1,6.1,158.0,263.9,24024.4,76.9,2461.9,2572.4,"{'timestamp': '2026-09-06T15:52:08.450194+00:00', 'model_version': 'nemotron-mini:4b', 'prompt_hash': 'a6af280e'}"
1,real_mixed_5,nemotron-mini:4b_baseline,35.78497791290283,16.48,0,direct_json,0.600000,0.300000,0.400000,0.0,0,12.6,44.4,13.8,150.2,263.9,24397.6,76.6,2461.9,2572.4,"{'timestamp': '2026-09-06T15:52:13.959254+00:00', 'model_version': 'nemotron-mini:4b', 'prompt_hash': 'a6af280e'}"
1,real_mixed_6,nemotron-mini:4b_baseline,5.591788053512573,38.72,0,direct_json,0.857143,0.333333,0.480000,0.0,0,15.4,41.1,27.6,232.3,263.9,24555.7,77.4,2461.9,2572.4,"{'timestamp': '2026-09-06T15:51:43.775336+00:00', 'model_version': 'nemotron-mini:4b', 'prompt_hash': 'a6af280e'}"
2,real_mixed_7,nemotron-mini:4b_baseline,40.37894296646118,40.45,0,direct_json,0.133333,0.142857,0.137931,0.0,0,13.3,41.1,4.0,145.7,263.9,24691.0,76.7,2461.9,2572.4,"{'timestamp': '2026-09-06T15:52:18.559341+00:00', 'model_version': 'nemotron-mini:4b', 'prompt_hash': 'a6af280e'}"
2,real_mixed_8,nemotron-mini:4b_baseline,24.221185207366943,28.12,0,direct_json,0.000000,0.000000,0.000000,0.0,0,12.3,41.1,3.0,172.0,263.9,24030.1,78.1,2461.9,2572.4,"{'timestamp': '2026-09-06T15:52:02.400699+00:00', 'model_version': 'nemotron-mini:4b', 'prompt_hash': 'a6af280e'}"
2,real_mixed_9,nemotron-mini:4b_baseline,13.139370203018188,39.77,0,direct_json,0.100000,0.100000,0.100000,0.1,1,12.8,41.1,24.5,219.6,263.9,24302.9,78.1,2461.9,2572.4,"{'timestamp': '2026-09-06T15:51:51.312697+00:00', 'model_version': 'nemotron-mini:4b', 'prompt_hash': 'a6af280e'}"
3,real_mixed_10,nemotron-mini:4b_baseline,9.613436937332153,34.7,0,direct_json,0.000000,0.000000,0.000000,0.0,0,13.9,41.1,6.8,223.0,263.9,23887.6,77.4,2461.9,2572.4,"{'timestamp': '2026-09-06T15:51:47.786493+00:00', 'model_version': 'nemotron-mini:4b', 'prompt_hash': 'a6af280e'}"
3,real_mixed_11,nemotron-mini:4b_baseline,46.36023497581482,40.49,0,direct_json,0.647059,0.611111,0.628571,0.0,0,13.6,41.1,5.3,141.9,263.9,24447.3,78.0,2461.9,2572.4,"{'timestamp': '2026-09-06T15:52:24.539030+00:00', 'model_version': 'nemotron-mini:4b', 'prompt_hash': 'a6af280e'}"
3,real_mixed_12,nemotron-mini:4b_baseline,8.108904123306274,22.75,0,direct_json,0.200000,0.142857,0.166667,0.0,0,13.3,41.1,7.9,225.4,263.9,23956.3,77.6,2461.9,2572.4,"{'timestamp': '2026-09-06T15:51:46.282822+00:00', 'model_version': 'nemotron-mini:4b', 'prompt_hash': 'a6af280e'}"
4,real_mixed_13,nemotron-mini:4b_baseline,24.709302186965942,17.69,0,direct_json,0.333333,0.058824,0.100000,0.0,0,13.5,40.5,6.5,115.2,119.1,24342.2,77.1,2461.9,2572.4,"{'timestamp': '2026-09-06T15:52:34.684078+00:00', 'model_version': 'nemotron-mini:4b', 'prompt_hash': 'a6af280e'}"
4,real_mixed_14,nemotron-mini:4b_baseline,30.742584705352783,26.13,0,direct_json,0.250000,0.250000,0.250000,0.08333333333333333,1,14.1,40.5,3.3,115.9,119.1,24303.2,76.4,2461.9,2572.4,"{'timestamp': '2026-09-06T15:52:40.709944+00:00', 'model_version': 'nemotron-mini:4b', 'prompt_hash': 'a6af280e'}"
4,real_mixed_15,nemotron-mini:4b_baseline,21.199031114578247,24.32,0,direct_json,0.133333,0.222222,0.166667,0.0,0,14.4,40.5,3.9,114.7,119.1,24452.8,77.8,2461.9,2572.4,"{'timestamp': '2026-09-06T15:52:31.168822+00:00', 'model_version': 'nemotron-mini:4b', 'prompt_hash': 'a6af280e'}"
5,real_mixed_16,nemotron-mini:4b_baseline,31.245425939559937,15.22,0,direct_json,1.000000,0.222222,0.363636,0.0,0,15.3,40.5,2.6,116.9,119.1,24303.0,76.8,2461.9,2572.4,"{'timestamp': '2026-09-06T15:52:45.225979+00:00', 'model_version': 'nemotron-mini:4b', 'prompt_hash': 'a6af280e'}"
5,real_mixed_17,nemotron-mini:4b_baseline,28.245407819747925,36.55,0,direct_json,0.500000,1.000000,0.666667,0.0,0,14.5,41.9,2.8,116.7,119.1,24118.5,76.7,2461.9,2572.4,"{'timestamp': '2026-09-06T15:52:42.213787+00:00', 'model_version': 'nemotron-mini:4b', 'prompt_hash': 'a6af280e'}"
5,real_mixed_18,nemotron-mini:4b_baseline,35.221465826034546,41.68,0,direct_json,0.307692,0.333333,0.320000,0.07692307692307693,1,17.4,53.8,2.4,116.8,119.1,24468.6,77.0,2461.9,2572.4,"{'timestamp': '2026-09-06T15:52:49.199355+00:00', 'model_version': 'nemotron-mini:4b', 'prompt_hash': 'a6af280e'}"
6,real_mixed_19,nemotron-mini:4b_baseline,31.734739065170288,72.41,0,direct_json,1.000000,0.150000,0.260870,0.0,0,12.8,40.0,2.6,117.9,119.2,24055.5,76.8,2461.9,2572.4,"{'timestamp': '2026-09-06T15:52:50.322005+00:00', 'model_version': 'nemotron-mini:4b', 'prompt_hash': 'a6af280e'}"
6,real_mixed_20,nemotron-mini:4b_baseline,36.81798601150513,27.54,0,direct_json,0.222222,0.125000,0.160000,0.0,0,14.1,66.1,2.4,117.8,119.2,24142.9,77.3,2461.9,2572.4,"{'timestamp': '2026-09-06T15:52:55.408617+00:00', 'model_version': 'nemotron-mini:4b', 'prompt_hash': 'a6af280e'}"
6,real_mixed_21,nemotron-mini:4b_baseline,39.85110569000244,15.93,0,direct_json,1.000000,0.142857,0.250000,0.0,0,14.0,66.1,2.5,117.1,119.2,24182.5,77.7,2461.9,2572.4,"{'timestamp': '2026-09-06T15:52:58.437421+00:00', 'model_version': 'nemotron-mini:4b', 'prompt_hash': 'a6af280e'}"
7,real_mixed_22,nemotron-mini:4b_baseline,40.84088087081909,15.62,0,direct_json,0.000000,0.000000,0.000000,0.09090909090909091,1,16.6,66.1,2.2,116.2,119.1,24478.3,77.3,2461.9,2572.4,"{'timestamp': '2026-09-06T15:53:05.389001+00:00', 'model_version': 'nemotron-mini:4b', 'prompt_hash': 'a6af280e'}"
7,real_mixed_23,nemotron-mini:4b_baseline,42.85340094566345,38.8,0,direct_json,0.400000,0.133333,0.200000,0.0,0,16.7,66.1,2.1,116.0,119.1,24488.0,77.5,2461.9,2572.4,"{'timestamp': '2026-09-06T15:53:07.419083+00:00', 'model_version': 'nemotron-mini:4b', 'prompt_hash': 'a6af280e'}"
7,real_mixed_24,nemotron-mini:4b_baseline,47.410544872283936,17.52,0,direct_json,0.200000,0.142857,0.166667,0.0,0,17.2,100.0,2.0,115.5,119.1,24475.1,77.9,2461.9,2572.4,"{'timestamp': '2026-09-06T15:53:11.964831+00:00', 'model_version': 'nemotron-mini:4b', 'prompt_hash': 'a6af280e'}"
8,real_mixed_25,nemotron-mini:4b_baseline,38.87502598762512,12.43,0,direct_json,0.142857,0.083333,0.105263,0.0,0,14.2,66.1,2.3,114.2,122.6,24913.8,80.9,2461.9,2572.4,"{'timestamp': '2026-09-06T15:53:19.607895+00:00', 'model_version': 'nemotron-mini:4b', 'prompt_hash': 'a6af280e'}"
8,real_mixed_26,nemotron-mini:4b_baseline,43.38635969161987,38.76,0,direct_json,0.000000,0.000000,0.000000,1.0,5,15.6,70.0,2.2,115.0,122.8,24877.2,80.9,2461.9,2572.4,"{'timestamp': '2026-09-06T15:53:24.146530+00:00', 'model_version': 'nemotron-mini:4b', 'prompt_hash': 'a6af280e'}"
8,real_mixed_27,nemotron-mini:4b_baseline,50.91261005401611,18.9,0,direct_json,0.500000,0.230769,0.315789,0.16666666666666666,2,15.7,66.7,2.0,116.2,122.8,24893.4,80.8,2461.9,2572.4,"{'timestamp': '2026-09-06T15:53:31.660589+00:00', 'model_version': 'nemotron-mini:4b', 'prompt_hash': 'a6af280e'}"
11,real_mixed_34,nemotron-mini:4b_baseline,47.89907717704773,23.5,0,direct_json,0.133333,0.200000,0.160000,0.06666666666666667,1,14.1,100.0,2.1,116.0,123.7,24707.4,81.6,2461.9,2572.4,"{'timestamp': '2026-09-06T15:53:59.886046+00:00', 'model_version': 'nemotron-mini:4b', 'prompt_hash': 'a6af280e'}"
11,real_mixed_35,nemotron-mini:4b_baseline,54.92947697639465,19.99,0,fallback,0.062500,0.250000,0.100000,0.625,20,15.2,50.0,1.7,113.7,123.7,24662.7,81.7,2461.9,2572.4,"{'timestamp': '2026-09-06T15:54:06.916467+00:00', 'model_version': 'nemotron-mini:4b', 'prompt_hash': 'a6af280e'}"
11,real_mixed_36,nemotron-mini:4b_baseline,40.847233057022095,41.23,0,direct_json,0.000000,0.000000,0.000000,0.0,0,12.4,41.2,2.2,118.3,123.7,24809.2,81.5,2461.9,2572.4,"{'timestamp': '2026-09-06T15:53:52.839537+00:00', 'model_version': 'nemotron-mini:4b', 'prompt_hash': 'a6af280e'}"
12,real_mixed_37,nemotron-mini:4b_baseline,40.351513147354126,26.13,0,direct_json,0.444444,0.333333,0.380952,0.0,0,10.7,34.8,2.2,110.1,123.7,24546.1,82.1,2461.9,2572.4,"{'timestamp': '2026-09-06T15:54:12.039101+00:00', 'model_version': 'nemotron-mini:4b', 'prompt_hash': 'a6af280e'}"
12,real_mixed_38,nemotron-mini:4b_baseline,42.32955312728882,41.42,0,direct_json,1.000000,0.153846,0.266667,0.0,0,10.9,34.8,2.0,110.0,123.7,24521.4,82.1,2461.9,2572.4,"{'timestamp': '2026-09-06T15:54:14.024004+00:00', 'model_version': 'nemotron-mini:4b', 'prompt_hash': 'a6af280e'}"
12,real_mixed_39,nemotron-mini:4b_baseline,45.88573598861694,16.09,0,direct_json,0.666667,0.285714,0.400000,0.0,0,11.1,34.9,1.8,110.0,123.7,24502.4,82.1,2461.9,2572.4,"{'timestamp': '2026-09-06T15:54:17.565354+00:00', 'model_version': 'nemotron-mini:4b', 'prompt_hash': 'a6af280e'}"
13,real_mixed_40,nemotron-mini:4b_baseline,19.691341876983643,31.66,0,direct_json,0.666667,0.166667,0.266667,0.0,0,15.7,50.0,3.8,110.5,112.7,24265.1,82.5,2461.9,2572.4,"{'timestamp': '2026-09-06T15:54:26.629043+00:00', 'model_version': 'nemotron-mini:4b', 'prompt_hash': 'a6af280e'}"
13,real_mixed_41,nemotron-mini:4b_baseline,21.24801015853882,37.59,0,direct_json,1.000000,0.111111,0.200000,0.0,0,16.5,50.0,3.7,110.6,112.7,24244.3,82.5,2461.9,2572.4,"{'timestamp': '2026-09-06T15:54:28.197900+00:00', 'model_version': 'nemotron-mini:4b', 'prompt_hash': 'a6af280e'}"
13,real_mixed_42,nemotron-mini:4b_baseline,24.70955801010132,19.83,0,direct_json,1.000000,0.125000,0.222222,0.0,0,15.7,50.0,3.4,110.2,112.7,24242.7,82.6,2461.9,2572.4,"{'timestamp': '2026-09-06T15:54:31.664081+00:00', 'model_version': 'nemotron-mini:4b', 'prompt_hash': 'a6af280e'}"
14,real_mixed_43,nemotron-mini:4b_baseline,37.326838970184326,30.09,0,direct_json,0.571429,0.380952,0.457143,0.07142857142857142,1,14.7,50.0,2.5,105.4,112.7,23821.3,83.4,2461.9,2572.4,"{'timestamp': '2026-09-06T15:54:54.929298+00:00', 'model_version': 'nemotron-mini:4b', 'prompt_hash': 'a6af280e'}"
14,real_mixed_44,nemotron-mini:4b_baseline,28.245341777801514,28.73,0,direct_json,0.318182,0.500000,0.388889,0.09090909090909091,2,15.5,50.0,2.9,107.0,112.7,24001.7,83.1,2461.9,2572.4,"{'timestamp': '2026-09-06T15:54:45.841469+00:00', 'model_version': 'nemotron-mini:4b', 'prompt_hash': 'a6af280e'}"
14,real_mixed_45,nemotron-mini:4b_baseline,20.212050914764404,21.6,0,direct_json,0.166667,0.166667,0.166667,0.08333333333333333,1,16.1,50.0,3.8,110.9,112.7,24225.9,82.8,2461.9,2572.4,"{'timestamp': '2026-09-06T15:54:37.800856+00:00', 'model_version': 'nemotron-mini:4b', 'prompt_hash': 'a6af280e'}"
9,real_mixed_28,nemotron-mini:4b_baseline,53.4466757774353,19.99,0,direct_json,0.000000,0.000000,0.000000,1.0,5,24.0,100.0,2.0,117.1,123.7,24734.3,81.5,2461.9,2572.4,"{'timestamp': '2026-09-06T15:53:42.675471+00:00', 'model_version': 'nemotron-mini:4b', 'prompt_hash': 'a6af280e'}"
9,real_mixed_29,nemotron-mini:4b_baseline,44.850971937179565,39.44,1,fallback,0.500000,0.153846,0.235294,0.0,0,23.7,100.0,2.0,109.0,121.1,24412.3,82.2,2461.9,2572.4,"{'timestamp': '2026-09-06T15:54:19.956761+00:00', 'model_version': 'nemotron-mini:4b', 'prompt_hash': 'a6af280e'}"
9,real_mixed_30,nemotron-mini:4b_baseline,0.0,0.0,2,direct_json,0.500000,0.125000,0.200000,0.0,0,0.0,0.0,0.0,0.0,0.0,0.0,0.0,0.0,0.0,"{'timestamp': '2026-09-06T15:54:57.759163+00:00', 'model_version': 'nemotron-mini:4b', 'prompt_hash': 'a6af280e'}"
10,real_mixed_31,nemotron-mini:4b_baseline,45.85177516937256,45.22,0,direct_json,0.400000,1.000000,0.571429,0.0,0,11.2,38.4,2.1,117.8,123.7,24768.2,81.7,2461.9,2572.4,"{'timestamp': '2026-09-06T15:53:44.300333+00:00', 'model_version': 'nemotron-mini:4b', 'prompt_hash': 'a6af280e'}"
10,real_mixed_32,nemotron-mini:4b_baseline,0.0,0.0,2,direct_json,0.181818,0.285714,0.222222,0.0,0,0.0,0.0,0.0,0.0,0.0,0.0,0.0,0.0,0.0,"{'timestamp': '2026-09-06T15:55:00.500848+00:00', 'model_version': 'nemotron-mini:4b', 'prompt_hash': 'a6af280e'}"
10,real_mixed_33,nemotron-mini:4b_baseline,52.914994955062866,40.59,0,direct_json,1.000000,0.153846,0.266667,0.0,0,10.7,34.8,1.9,117.0,123.7,24772.4,81.7,2461.9,2572.4,"{'timestamp': '2026-09-06T15:53:51.375050+00:00', 'model_version': 'nemotron-mini:4b', 'prompt_hash': 'a6af280e'}"
18,real_mixed_55,nemotron-mini:4b_baseline,41.835861921310425,22.89,0,direct_json,0.000000,0.000000,0.000000,0.0,0,14.7,44.8,2.1,103.9,127.3,23412.5,84.3,2461.9,2572.4,"{'timestamp': '2026-09-06T15:55:42.377005+00:00', 'model_version': 'nemotron-mini:4b', 'prompt_hash': 'a6af280e'}"
18,real_mixed_56,nemotron-mini:4b_baseline,45.37359833717346,39.64,0,direct_json,0.111111,0.071429,0.086957,0.0,0,14.7,44.8,2.1,103.6,127.3,23411.8,84.3,2461.9,2572.4,"{'timestamp': '2026-09-06T15:55:45.919589+00:00', 'model_version': 'nemotron-mini:4b', 'prompt_hash': 'a6af280e'}"
18,real_mixed_57,nemotron-mini:4b_baseline,35.79759621620178,18.97,0,direct_json,0.333333,0.222222,0.266667,0.0,0,14.3,44.8,4.1,104.4,127.3,23365.7,84.3,2461.9,2572.4,"{'timestamp': '2026-09-06T15:55:36.335652+00:00', 'model_version': 'nemotron-mini:4b', 'prompt_hash': 'a6af280e'}"
15,real_mixed_46,nemotron-mini:4b_baseline,36.297473192214966,41.83,1,direct_json,1.000000,0.071429,0.133333,0.0,0,15.2,44.8,2.4,101.3,117.0,23428.0,84.3,2461.9,2572.4,"{'timestamp': '2026-09-06T15:55:46.796486+00:00', 'model_version': 'nemotron-mini:4b', 'prompt_hash': 'a6af280e'}"
15,real_mixed_47,nemotron-mini:4b_baseline,36.83203887939453,19.22,0,direct_json,0.466667,0.269231,0.341463,0.0,0,13.5,43.1,2.9,105.1,127.3,23447.4,84.3,2461.9,2572.4,"{'timestamp': '2026-09-06T15:55:08.536402+00:00', 'model_version': 'nemotron-mini:4b', 'prompt_hash': 'a6af280e'}"
15,real_mixed_48,nemotron-mini:4b_baseline,39.325804233551025,39.88,0,direct_json,0.500000,0.166667,0.250000,0.0,0,13.3,43.1,2.5,105.5,127.3,23444.4,84.2,2461.9,2572.4,"{'timestamp': '2026-09-06T15:55:11.012917+00:00', 'model_version': 'nemotron-mini:4b', 'prompt_hash': 'a6af280e'}"
19,real_mixed_58,nemotron-mini:4b_baseline,7.107755184173584,41.56,0,fallback,0.500000,0.307692,0.380952,0.0,0,15.5,36.8,8.6,110.7,112.8,22997.8,85.1,2461.9,2572.4,"{'timestamp': '2026-09-06T15:55:53.060698+00:00', 'model_version': 'nemotron-mini:4b', 'prompt_hash': 'a6af280e'}"
19,real_mixed_59,nemotron-mini:4b_baseline,17.1838116645813,40.45,0,direct_json,0.500000,0.157895,0.240000,0.0,0,13.1,36.8,4.1,105.6,112.8,23002.4,85.2,2461.9,2572.4,"{'timestamp': '2026-09-06T15:56:03.130617+00:00', 'model_version': 'nemotron-mini:4b', 'prompt_hash': 'a6af280e'}"
19,real_mixed_60,nemotron-mini:4b_baseline,14.172938108444214,22.2,0,direct_json,0.545455,0.461538,0.500000,0.0,0,14.1,36.8,4.6,107.2,112.8,22992.0,85.1,2461.9,2572.4,"{'timestamp': '2026-09-06T15:56:00.132174+00:00', 'model_version': 'nemotron-mini:4b', 'prompt_hash': 'a6af280e'}"
20,real_mixed_61,nemotron-mini:4b_baseline,32.27366614341736,24.96,0,direct_json,0.545455,0.214286,0.307692,0.0,0,12.1,37.8,2.5,101.5,112.8,22830.0,85.5,2461.9,2572.4,"{'timestamp': '2026-09-06T15:56:19.106979+00:00', 'model_version': 'nemotron-mini:4b', 'prompt_hash': 'a6af280e'}"
20,real_mixed_62,nemotron-mini:4b_baseline,25.209036827087402,16.94,0,direct_json,0.111111,0.090909,0.100000,0.0,0,12.6,37.8,3.0,101.6,112.8,22881.3,85.5,2461.9,2572.4,"{'timestamp': '2026-09-06T15:56:12.026338+00:00', 'model_version': 'nemotron-mini:4b', 'prompt_hash': 'a6af280e'}"
20,real_mixed_63,nemotron-mini:4b_baseline,17.67269277572632,40.43,0,fallback,0.000000,0.000000,0.000000,0.0,0,11.8,34.1,4.0,105.4,112.8,22955.7,85.2,2461.9,2572.4,"{'timestamp': '2026-09-06T15:56:04.487882+00:00', 'model_version': 'nemotron-mini:4b', 'prompt_hash': 'a6af280e'}"
16,real_mixed_49,nemotron-mini:4b_baseline,27.75572395324707,40.5,0,direct_json,0.300000,0.214286,0.250000,0.3,3,14.2,40.8,3.2,107.6,127.3,23339.6,84.3,2461.9,2572.4,"{'timestamp': '2026-09-06T15:55:22.727115+00:00', 'model_version': 'nemotron-mini:4b', 'prompt_hash': 'a6af280e'}"
16,real_mixed_50,nemotron-mini:4b_baseline,0.0,0.0,2,direct_json,0.333333,0.090909,0.142857,0.0,0,0.0,0.0,0.0,0.0,0.0,0.0,0.0,0.0,0.0,"{'timestamp': '2026-09-06T15:56:20.746596+00:00', 'model_version': 'nemotron-mini:4b', 'prompt_hash': 'a6af280e'}"
16,real_mixed_51,nemotron-mini:4b_baseline,23.740791082382202,31.23,0,direct_json,0.142857,0.111111,0.125000,0.0,0,13.8,39.4,4.7,108.6,127.3,23310.0,84.4,2461.9,2572.4,"{'timestamp': '2026-09-06T15:55:18.703219+00:00', 'model_version': 'nemotron-mini:4b', 'prompt_hash': 'a6af280e'}"
17,real_mixed_52,nemotron-mini:4b_baseline,32.80374503135681,40.07,0,direct_json,0.333333,0.071429,0.117647,0.0,0,14.8,44.8,4.9,105.2,127.3,23329.9,84.3,2461.9,2572.4,"{'timestamp': '2026-09-06T15:55:30.588473+00:00', 'model_version': 'nemotron-mini:4b', 'prompt_hash': 'a6af280e'}"
17,real_mixed_53,nemotron-mini:4b_baseline,0.0,0.0,2,direct_json,0.100000,0.166667,0.125000,0.0,0,0.0,0.0,0.0,0.0,0.0,0.0,0.0,0.0,0.0,"{'timestamp': '2026-09-06T15:56:22.017256+00:00', 'model_version': 'nemotron-mini:4b', 'prompt_hash': 'a6af280e'}"
17,real_mixed_54,nemotron-mini:4b_baseline,29.285206079483032,14.62,0,direct_json,0.333333,0.500000,0.400000,0.0,0,14.7,44.8,3.3,105.2,127.3,23320.5,84.4,2461.9,2572.4,"{'timestamp': '2026-09-06T15:55:27.067423+00:00', 'model_version': 'nemotron-mini:4b', 'prompt_hash': 'a6af280e'}"
21,real_mixed_64,nemotron-mini:4b_baseline,27.253432035446167,26.55,0,fallback,0.000000,0.000000,0.000000,0.75,18,14.8,100.0,3.1,106.5,124.2,23023.7,85.0,2461.9,2572.4,"{'timestamp': '2026-09-06T15:56:30.405902+00:00', 'model_version': 'nemotron-mini:4b', 'prompt_hash': 'a6af280e'}"
21,real_mixed_65,nemotron-mini:4b_baseline,31.26473093032837,35.23,0,direct_json,0.250000,0.250000,0.250000,0.0,0,20.1,62.5,2.7,106.4,124.2,23016.6,85.1,2461.9,2572.4,"{'timestamp': '2026-09-06T15:56:34.420146+00:00', 'model_version': 'nemotron-mini:4b', 'prompt_hash': 'a6af280e'}"
21,real_mixed_66,nemotron-mini:4b_baseline,22.721971035003662,21.35,0,direct_json,0.600000,0.150000,0.240000,0.0,0,17.5,56.2,3.6,104.2,124.1,22927.4,85.3,2461.9,2572.4,"{'timestamp': '2026-09-06T15:56:25.893680+00:00', 'model_version': 'nemotron-mini:4b', 'prompt_hash': 'a6af280e'}"
22,real_mixed_67,nemotron-mini:4b_baseline,31.773826837539673,22.07,0,direct_json,0.600000,0.176471,0.272727,0.2,1,12.9,47.7,4.4,105.3,124.2,23107.6,85.0,2461.9,2572.4,"{'timestamp': '2026-09-06T15:56:50.913124+00:00', 'model_version': 'nemotron-mini:4b', 'prompt_hash': 'a6af280e'}"
22,real_mixed_68,nemotron-mini:4b_baseline,27.758629083633423,23.14,0,direct_json,0.200000,0.153846,0.173913,0.0,0,12.7,47.7,3.4,106.1,124.2,23108.9,85.0,2461.9,2572.4,"{'timestamp': '2026-09-06T15:56:46.888922+00:00', 'model_version': 'nemotron-mini:4b', 'prompt_hash': 'a6af280e'}"
22,real_mixed_69,nemotron-mini:4b_baseline,22.22348117828369,22.54,0,direct_json,0.312500,0.208333,0.250000,0.0,0,13.6,47.7,3.6,107.9,124.2,23222.4,84.8,2461.9,2572.4,"{'timestamp': '2026-09-06T15:56:41.367613+00:00', 'model_version': 'nemotron-mini:4b', 'prompt_hash': 'a6af280e'}"
24,real_mixed_73,nemotron-mini:4b_baseline,49.90804624557495,18.87,0,direct_json,0.500000,0.266667,0.347826,0.0,0,12.1,49.3,3.8,106.5,124.2,23254.0,84.7,2461.9,2572.4,"{'timestamp': '2026-09-06T15:57:11.956936+00:00', 'model_version': 'nemotron-mini:4b', 'prompt_hash': 'a6af280e'}"
24,real_mixed_74,nemotron-mini:4b_baseline,44.85921812057495,23.91,0,direct_json,0.600000,0.300000,0.400000,0.0,0,12.5,49.3,2.5,107.2,124.2,23215.2,84.8,2461.9,2572.4,"{'timestamp': '2026-09-06T15:57:06.902199+00:00', 'model_version': 'nemotron-mini:4b', 'prompt_hash': 'a6af280e'}"
24,real_mixed_75,nemotron-mini:4b_baseline,41.8392550945282,38.33,0,direct_json,0.250000,0.333333,0.285714,0.0,0,12.5,47.7,3.2,107.6,124.2,23209.6,84.9,2461.9,2572.4,"{'timestamp': '2026-09-06T15:57:03.871889+00:00', 'model_version': 'nemotron-mini:4b', 'prompt_hash': 'a6af280e'}"
25,real_mixed_76,nemotron-mini:4b_baseline,38.84149479866028,40.97,0,direct_json,0.000000,0.000000,0.000000,0.0,0,12.4,49.3,2.4,103.5,115.6,23225.1,84.8,2461.9,2572.4,"{'timestamp': '2026-09-06T15:57:13.273549+00:00', 'model_version': 'nemotron-mini:4b', 'prompt_hash': 'a6af280e'}"
25,real_mixed_77,nemotron-mini:4b_baseline,40.31359601020813,39.9,0,direct_json,0.000000,0.000000,0.000000,0.0,0,12.3,49.3,2.4,103.7,115.6,23238.8,84.8,2461.9,2572.4,"{'timestamp': '2026-09-06T15:57:14.771834+00:00', 'model_version': 'nemotron-mini:4b', 'prompt_hash': 'a6af280e'}"
25,real_mixed_78,nemotron-mini:4b_baseline,49.49745512008667,22.16,0,direct_json,0.214286,0.750000,0.333333,0.07142857142857142,1,12.6,49.3,2.1,104.5,115.6,23243.0,84.7,2461.9,2572.4,"{'timestamp': '2026-09-06T15:57:23.944369+00:00', 'model_version': 'nemotron-mini:4b', 'prompt_hash': 'a6af280e'}"
26,real_mixed_79,nemotron-mini:4b_baseline,51.08422613143921,11.96,0,direct_json,1.000000,0.300000,0.461538,0.0,0,22.0,80.0,2.0,105.3,115.6,23213.3,84.8,2461.9,2572.4,"{'timestamp': '2026-09-06T15:57:42.024915+00:00', 'model_version': 'nemotron-mini:4b', 'prompt_hash': 'a6af280e'}"
26,real_mixed_80,nemotron-mini:4b_baseline,44.469285011291504,26.76,0,direct_json,0.384615,0.208333,0.270270,0.0,0,25.4,51.4,2.2,106.1,115.6,23307.3,84.6,2461.9,2572.4,"{'timestamp': '2026-09-06T15:57:35.434456+00:00', 'model_version': 'nemotron-mini:4b', 'prompt_hash': 'a6af280e'}"
26,real_mixed_81,nemotron-mini:4b_baseline,38.906378984451294,25.35,0,direct_json,0.142857,0.181818,0.160000,0.0,0,23.0,83.3,2.3,108.8,115.6,23370.5,84.4,2461.9,2572.4,"{'timestamp': '2026-09-06T15:57:29.853455+00:00', 'model_version': 'nemotron-mini:4b', 'prompt_hash': 'a6af280e'}"
27,real_mixed_82,nemotron-mini:4b_baseline,51.67798686027527,16.54,0,direct_json,0.000000,0.000000,0.000000,0.0,0,14.2,49.1,1.9,102.9,111.5,22943.1,85.5,2461.9,2572.4,"{'timestamp': '2026-09-06T15:58:03.661938+00:00', 'model_version': 'nemotron-mini:4b', 'prompt_hash': 'a6af280e'}"
27,real_mixed_83,nemotron-mini:4b_baseline,37.98722195625305,25.16,0,direct_json,0.375000,0.300000,0.333333,0.0,0,15.5,49.1,2.3,103.4,111.5,22954.2,85.4,2461.9,2572.4,"{'timestamp': '2026-09-06T15:57:49.971978+00:00', 'model_version': 'nemotron-mini:4b', 'prompt_hash': 'a6af280e'}"
27,real_mixed_84,nemotron-mini:4b_baseline,42.05861186981201,19.89,0,direct_json,0.800000,0.444444,0.571429,0.0,0,15.2,49.1,2.2,103.7,111.5,22990.7,85.4,2461.9,2572.4,"{'timestamp': '2026-09-06T15:57:54.044848+00:00', 'model_version': 'nemotron-mini:4b', 'prompt_hash': 'a6af280e'}"
28,real_mixed_85,nemotron-mini:4b_baseline,42.07700705528259,38.1,0,direct_json,0.000000,0.000000,0.000000,0.0,0,14.4,49.1,1.5,102.3,126.5,22827.6,85.7,2461.9,2572.4,"{'timestamp': '2026-09-06T15:58:06.058239+00:00', 'model_version': 'nemotron-mini:4b', 'prompt_hash': 'a6af280e'}"
28,real_mixed_86,nemotron-mini:4b_baseline,49.12329697608948,16.76,0,direct_json,0.500000,0.384615,0.434783,0.0,0,13.7,49.1,1.1,105.7,126.6,22907.8,85.6,2461.9,2572.4,"{'timestamp': '2026-09-06T15:58:13.103698+00:00', 'model_version': 'nemotron-mini:4b', 'prompt_hash': 'a6af280e'}"
28,real_mixed_87,nemotron-mini:4b_baseline,51.6679151058197,38.24,0,direct_json,0.285714,0.285714,0.285714,0.0,0,13.7,49.1,1.7,105.7,126.6,22914.3,85.6,2461.9,2572.4,"{'timestamp': '2026-09-06T15:58:15.643758+00:00', 'model_version': 'nemotron-mini:4b', 'prompt_hash': 'a6af280e'}"
29,real_mixed_88,nemotron-mini:4b_baseline,36.52550792694092,20.44,0,direct_json,0.750000,0.750000,0.750000,0.0,0,11.7,41.8,2.4,109.9,126.6,22963.2,85.4,2461.9,2572.4,"{'timestamp': '2026-09-06T15:58:18.577676+00:00', 'model_version': 'nemotron-mini:4b', 'prompt_hash': 'a6af280e'}"
29,real_mixed_89,nemotron-mini:4b_baseline,38.51493191719055,39.81,0,direct_json,0.250000,0.076923,0.117647,0.0,0,11.6,41.8,2.5,110.0,126.6,22973.9,85.3,2461.9,2572.4,"{'timestamp': '2026-09-06T15:58:20.572987+00:00', 'model_version': 'nemotron-mini:4b', 'prompt_hash': 'a6af280e'}"
29,real_mixed_90,nemotron-mini:4b_baseline,45.1609001159668,22.29,0,direct_json,0.133333,0.250000,0.173913,0.0,0,11.8,41.8,2.0,107.8,126.6,23006.6,85.3,2461.9,2572.4,"{'timestamp': '2026-09-06T15:58:27.213463+00:00', 'model_version': 'nemotron-mini:4b', 'prompt_hash': 'a6af280e'}"
23,real_mixed_70,nemotron-mini:4b_baseline,0.0,0.0,2,direct_json,0.000000,0.000000,0.000000,0.0,0,0.0,0.0,0.0,0.0,0.0,0.0,0.0,0.0,0.0,"{'timestamp': '2026-09-06T15:58:35.272212+00:00', 'model_version': 'nemotron-mini:4b', 'prompt_hash': 'a6af280e'}"
23,real_mixed_71,nemotron-mini:4b_baseline,33.75947403907776,23.4,0,direct_json,0.666667,0.333333,0.444444,0.0,0,24.1,100.0,2.9,106.0,124.2,23080.7,85.1,2461.9,2572.4,"{'timestamp': '2026-09-06T15:56:54.537742+00:00', 'model_version': 'nemotron-mini:4b', 'prompt_hash': 'a6af280e'}"
23,real_mixed_72,nemotron-mini:4b_baseline,36.78011870384216,33.87,0,direct_json,0.166667,0.071429,0.100000,0.0,0,23.3,80.0,2.7,106.7,124.2,23112.5,85.0,2461.9,2572.4,"{'timestamp': '2026-09-06T15:56:57.565151+00:00', 'model_version': 'nemotron-mini:4b', 'prompt_hash': 'a6af280e'}"
30,real_mixed_91,nemotron-mini:4b_baseline,39.06768798828125,15.56,0,direct_json,0.000000,0.000000,0.000000,0.0,0,11.9,36.4,2.4,111.8,126.6,23211.0,84.7,2461.9,2572.4,"{'timestamp': '2026-09-06T15:58:42.830258+00:00', 'model_version': 'nemotron-mini:4b', 'prompt_hash': 'a6af280e'}"
30,real_mixed_92,nemotron-mini:4b_baseline,46.14854979515076,25.82,0,direct_json,0.105263,0.133333,0.117647,0.0,0,13.5,44.4,2.1,110.9,126.6,23176.6,84.9,2461.9,2572.4,"{'timestamp': '2026-09-06T15:58:49.913068+00:00', 'model_version': 'nemotron-mini:4b', 'prompt_hash': 'a6af280e'}"
30,real_mixed_93,nemotron-mini:4b_baseline,34.51423001289368,38.67,0,direct_json,0.272727,0.300000,0.285714,0.09090909090909091,1,12.2,36.4,2.6,111.3,126.6,23242.3,84.6,2461.9,2572.4,"{'timestamp': '2026-09-06T15:58:38.276754+00:00', 'model_version': 'nemotron-mini:4b', 'prompt_hash': 'a6af280e'}"
31,real_mixed_94,nemotron-mini:4b_baseline,41.021000385284424,38.08,0,direct_json,0.200000,0.050000,0.080000,0.0,0,11.5,36.3,2.4,107.6,117.2,23139.9,85.2,2461.9,2572.4,"{'timestamp': '2026-09-06T15:58:56.707928+00:00', 'model_version': 'nemotron-mini:4b', 'prompt_hash': 'a6af280e'}"
31,real_mixed_95,nemotron-mini:4b_baseline,39.03110599517822,18.0,0,direct_json,0.000000,0.000000,0.000000,1.0,3,11.5,36.3,2.5,107.4,117.2,23136.6,85.1,2461.9,2572.4,"{'timestamp': '2026-09-06T15:58:54.691211+00:00', 'model_version': 'nemotron-mini:4b', 'prompt_hash': 'a6af280e'}"
31,real_mixed_96,nemotron-mini:4b_baseline,43.592511892318726,37.83,0,direct_json,0.428571,0.250000,0.315789,0.0,0,11.3,36.3,2.3,107.7,117.2,23114.8,85.2,2461.9,2572.4,"{'timestamp': '2026-09-06T15:58:59.259500+00:00', 'model_version': 'nemotron-mini:4b', 'prompt_hash': 'a6af280e'}"
32,real_mixed_97,nemotron-mini:4b_baseline,38.0764639377594,37.3,0,direct_json,1.000000,0.333333,0.500000,0.0,0,11.6,36.3,2.9,109.3,117.2,23077.2,85.5,2461.9,2572.4,"{'timestamp': '2026-09-06T15:59:05.322373+00:00', 'model_version': 'nemotron-mini:4b', 'prompt_hash': 'a6af280e'}"
32,real_mixed_98,nemotron-mini:4b_baseline,45.660512924194336,27.01,0,direct_json,0.111111,0.071429,0.086957,0.05555555555555555,1,11.4,36.4,2.3,107.8,117.2,23067.3,85.4,2461.9,2572.4,"{'timestamp': '2026-09-06T15:59:12.928155+00:00', 'model_version': 'nemotron-mini:4b', 'prompt_hash': 'a6af280e'}"
32,real_mixed_99,nemotron-mini:4b_baseline,36.55094003677368,18.43,0,direct_json,0.166667,0.500000,0.250000,0.3333333333333333,2,11.6,36.3,2.7,109.7,117.2,23079.3,85.5,2461.9,2572.4,"{'timestamp': '2026-09-06T15:59:03.785361+00:00', 'model_version': 'nemotron-mini:4b', 'prompt_hash': 'a6af280e'}"
34,real_mixed_103,nemotron-mini:4b_baseline,37.02330183982849,11.94,0,direct_json,0.000000,0.000000,0.000000,0.0,0,11.6,36.4,3.7,105.7,116.4,23155.3,85.2,2461.9,2572.4,"{'timestamp': '2026-09-06T15:59:26.949607+00:00', 'model_version': 'nemotron-mini:4b', 'prompt_hash': 'a6af280e'}"
34,real_mixed_104,nemotron-mini:4b_baseline,41.06384491920471,36.03,0,direct_json,0.083333,0.100000,0.090909,0.0,0,11.4,36.4,2.3,104.5,116.4,23178.1,85.3,2461.9,2572.4,"{'timestamp': '2026-09-06T15:59:31.001149+00:00', 'model_version': 'nemotron-mini:4b', 'prompt_hash': 'a6af280e'}"
34,real_mixed_105,nemotron-mini:4b_baseline,49.167316913604736,23.05,0,fallback,0.000000,0.000000,0.000000,0.7,28,10.9,36.4,2.0,104.0,116.4,23104.0,85.0,2461.9,2572.4,"{'timestamp': '2026-09-06T15:59:39.115754+00:00', 'model_version': 'nemotron-mini:4b', 'prompt_hash': 'a6af280e'}"
36,real_mixed_109,nemotron-mini:4b_baseline,50.18140912055969,38.31,0,direct_json,0.777778,0.291667,0.424242,0.1111111111111111,1,10.4,38.2,1.8,104.4,117.3,23296.8,84.4,2461.9,2572.4,"{'timestamp': '2026-09-06T16:00:03.146575+00:00', 'model_version': 'nemotron-mini:4b', 'prompt_hash': 'a6af280e'}"
36,real_mixed_110,nemotron-mini:4b_baseline,58.757506132125854,24.13,0,direct_json,0.222222,0.111111,0.148148,0.0,0,12.4,91.4,1.7,103.4,117.3,23238.5,84.6,2461.9,2572.4,"{'timestamp': '2026-09-06T16:00:11.716287+00:00', 'model_version': 'nemotron-mini:4b', 'prompt_hash': 'a6af280e'}"
36,real_mixed_111,nemotron-mini:4b_baseline,53.19301509857178,20.95,0,direct_json,0.600000,0.103448,0.176471,0.0,0,10.7,38.2,1.9,104.1,117.3,23276.8,84.5,2461.9,2572.4,"{'timestamp': '2026-09-06T16:00:06.159343+00:00', 'model_version': 'nemotron-mini:4b', 'prompt_hash': 'a6af280e'}"
37,real_mixed_112,nemotron-mini:4b_baseline,37.49338102340698,18.31,0,direct_json,0.428571,0.600000,0.500000,0.0,0,15.1,91.4,2.4,103.8,117.3,23183.3,84.7,2461.9,2572.4,"{'timestamp': '2026-09-06T16:00:16.636224+00:00', 'model_version': 'nemotron-mini:4b', 'prompt_hash': 'a6af280e'}"
37,real_mixed_113,nemotron-mini:4b_baseline,45.661017179489136,21.44,0,direct_json,0.000000,0.000000,0.000000,0.6666666666666666,4,14.7,91.4,2.0,105.1,117.3,23283.8,84.2,2461.9,2572.4,"{'timestamp': '2026-09-06T16:00:24.807866+00:00', 'model_version': 'nemotron-mini:4b', 'prompt_hash': 'a6af280e'}"
37,real_mixed_114,nemotron-mini:4b_baseline,39.543004274368286,39.45,0,direct_json,0.500000,0.142857,0.222222,0.0,0,15.4,91.4,2.2,104.1,117.3,23186.8,84.6,2461.9,2572.4,"{'timestamp': '2026-09-06T16:00:18.686877+00:00', 'model_version': 'nemotron-mini:4b', 'prompt_hash': 'a6af280e'}"
38,real_mixed_115,nemotron-mini:4b_baseline,20.288910150527954,20.75,0,direct_json,1.000000,0.666667,0.800000,0.0,0,14.7,58.9,3.7,107.8,113.6,23687.6,83.0,2461.9,2572.4,"{'timestamp': '2026-09-06T16:00:32.025162+00:00', 'model_version': 'nemotron-mini:4b', 'prompt_hash': 'a6af280e'}"
38,real_mixed_116,nemotron-mini:4b_baseline,27.413196802139282,39.62,0,direct_json,0.000000,0.000000,0.000000,0.0,0,20.1,58.9,2.6,107.0,113.6,23744.0,82.7,2461.9,2572.4,"{'timestamp': '2026-09-06T16:00:39.149274+00:00', 'model_version': 'nemotron-mini:4b', 'prompt_hash': 'a6af280e'}"
38,real_mixed_117,nemotron-mini:4b_baseline,25.86977195739746,37.94,0,direct_json,0.000000,0.000000,0.000000,0.0,0,12.9,58.9,2.8,107.2,113.6,23751.1,82.8,2461.9,2572.4,"{'timestamp': '2026-09-06T16:00:37.615284+00:00', 'model_version': 'nemotron-mini:4b', 'prompt_hash': 'a6af280e'}"
33,real_mixed_100,nemotron-mini:4b_baseline,48.15508198738098,36.04,0,direct_json,0.117647,0.285714,0.166667,0.0,0,11.6,36.4,2.2,107.0,117.2,23101.9,85.3,2461.9,2572.4,"{'timestamp': '2026-09-06T15:59:23.449888+00:00', 'model_version': 'nemotron-mini:4b', 'prompt_hash': 'a6af280e'}"
33,real_mixed_101,nemotron-mini:4b_baseline,0.0,0.0,2,direct_json,0.500000,0.142857,0.222222,0.0,0,0.0,0.0,0.0,0.0,0.0,0.0,0.0,0.0,0.0,"{'timestamp': '2026-09-06T16:00:40.043692+00:00', 'model_version': 'nemotron-mini:4b', 'prompt_hash': 'a6af280e'}"
33,real_mixed_102,nemotron-mini:4b_baseline,39.55639123916626,39.93,0,direct_json,0.000000,0.000000,0.000000,0.0,0,12.1,36.4,2.6,106.8,117.2,23040.0,85.5,2461.9,2572.4,"{'timestamp': '2026-09-06T15:59:14.845907+00:00', 'model_version': 'nemotron-mini:4b', 'prompt_hash': 'a6af280e'}"
39,real_mixed_118,nemotron-mini:4b_baseline,23.8609938621521,15.42,0,direct_json,0.571429,0.800000,0.666667,0.0,0,12.9,43.2,3.2,108.7,117.3,24120.5,82.5,2461.9,2572.4,"{'timestamp': '2026-09-06T16:00:48.691879+00:00', 'model_version': 'nemotron-mini:4b', 'prompt_hash': 'a6af280e'}"
39,real_mixed_119,nemotron-mini:4b_baseline,27.939489126205444,23.85,0,direct_json,0.111111,0.166667,0.133333,0.0,0,13.5,43.2,4.6,109.6,117.3,24173.6,82.6,2461.9,2572.4,"{'timestamp': '2026-09-06T16:00:52.775736+00:00', 'model_version': 'nemotron-mini:4b', 'prompt_hash': 'a6af280e'}"
39,real_mixed_120,nemotron-mini:4b_baseline,18.304508924484253,38.77,0,fallback,0.090909,0.200000,0.125000,0.0,0,11.2,31.8,6.4,106.4,117.2,24078.9,82.4,2461.9,2572.4,"{'timestamp': '2026-09-06T16:00:43.135919+00:00', 'model_version': 'nemotron-mini:4b', 'prompt_hash': 'a6af280e'}"
35,real_mixed_106,nemotron-mini:4b_baseline,0.0,0.0,2,direct_json,0.333333,0.500000,0.400000,0.0,0,0.0,0.0,0.0,0.0,0.0,0.0,0.0,0.0,0.0,"{'timestamp': '2026-09-06T16:00:53.855245+00:00', 'model_version': 'nemotron-mini:4b', 'prompt_hash': 'a6af280e'}"
35,real_mixed_107,nemotron-mini:4b_baseline,60.81504011154175,23.21,0,direct_json,0.240000,0.428571,0.307692,0.0,0,10.7,38.2,1.7,104.3,117.3,23268.2,84.6,2461.9,2572.4,"{'timestamp': '2026-09-06T16:00:00.110055+00:00', 'model_version': 'nemotron-mini:4b', 'prompt_hash': 'a6af280e'}"
35,real_mixed_108,nemotron-mini:4b_baseline,45.1496148109436,26.57,0,direct_json,0.000000,0.000000,0.000000,0.0,0,11.1,38.2,2.9,105.0,117.3,23188.0,84.5,2461.9,2572.4,"{'timestamp': '2026-09-06T15:59:44.436878+00:00', 'model_version': 'nemotron-mini:4b', 'prompt_hash': 'a6af280e'}"
2,real_mixed_7,nemotron-mini:4b_kb_rag,25.38371205329895,25.78,0,direct_json,0.333333,0.285714,0.307692,0.0,0,12.5,45.3,11.8,437.2,792.2,23846.6,83.5,2461.9,2572.4,"{'timestamp': '2026-09-06T16:01:20.886761+00:00', 'model_version': 'nemotron-mini:4b', 'prompt_hash': 'a6af280e'}"
2,real_mixed_8,nemotron-mini:4b_kb_rag,18.783451795578003,37.42,0,direct_json,0.666667,0.444444,0.533333,0.0,0,13.0,45.3,18.0,516.2,792.2,23977.8,83.3,2461.9,2572.4,"{'timestamp': '2026-09-06T16:01:14.281114+00:00', 'model_version': 'nemotron-mini:4b', 'prompt_hash': 'a6af280e'}"
2,real_mixed_9,nemotron-mini:4b_kb_rag,3.6041929721832275,36.77,0,direct_json,0.500000,0.300000,0.375000,0.0,0,15.5,45.3,23.9,792.2,792.2,23790.0,83.4,2461.9,2572.4,"{'timestamp': '2026-09-06T16:00:59.102896+00:00', 'model_version': 'nemotron-mini:4b', 'prompt_hash': 'a6af280e'}"
0,real_mixed_1,nemotron-mini:4b_kb_rag,30.9290988445282,20.52,0,direct_json,0.538462,0.538462,0.538462,0.0,0,13.5,45.3,7.4,426.3,792.2,23727.9,83.7,2461.9,2572.4,"{'timestamp': '2026-09-06T16:01:26.423536+00:00', 'model_version': 'nemotron-mini:4b', 'prompt_hash': 'a6af280e'}"
0,real_mixed_2,nemotron-mini:4b_kb_rag,47.16216278076172,38.42,0,direct_json,0.666667,0.500000,0.571429,0.0,0,13.9,45.3,5.9,327.2,792.2,23422.2,84.3,2461.9,2572.4,"{'timestamp': '2026-09-06T16:01:42.666527+00:00', 'model_version': 'nemotron-mini:4b', 'prompt_hash': 'a6af280e'}"
0,real_mixed_3,nemotron-mini:4b_kb_rag,37.574360847473145,21.81,0,direct_json,0.400000,0.333333,0.363636,0.1,1,14.9,86.8,9.5,384.6,978.5,23586.1,84.0,2461.9,2572.4,"{'timestamp': '2026-09-06T16:01:32.888859+00:00', 'model_version': 'nemotron-mini:4b', 'prompt_hash': 'a6af280e'}"
3,real_mixed_10,nemotron-mini:4b_kb_rag,43.63067698478699,36.85,0,direct_json,0.666667,0.666667,0.666667,0.0,0,13.9,45.3,5.6,344.2,792.2,23479.8,84.3,2461.9,2572.4,"{'timestamp': '2026-09-06T16:01:39.118171+00:00', 'model_version': 'nemotron-mini:4b', 'prompt_hash': 'a6af280e'}"
3,real_mixed_11,nemotron-mini:4b_kb_rag,61.44213080406189,19.72,0,direct_json,0.500000,0.666667,0.571429,0.041666666666666664,1,14.2,47.9,9.1,310.3,1193.6,23316.2,84.6,2461.9,2572.4,"{'timestamp': '2026-09-06T16:01:56.806199+00:00', 'model_version': 'nemotron-mini:4b', 'prompt_hash': 'a6af280e'}"
3,real_mixed_12,nemotron-mini:4b_kb_rag,40.530710220336914,22.93,0,direct_json,0.166667,0.142857,0.153846,0.0,0,13.7,45.3,9.3,361.4,792.2,23522.7,84.1,2461.9,2572.4,"{'timestamp': '2026-09-06T16:01:36.022171+00:00', 'model_version': 'nemotron-mini:4b', 'prompt_hash': 'a6af280e'}"
1,real_mixed_4,nemotron-mini:4b_kb_rag,70.38830614089966,28.62,0,direct_json,0.461538,0.428571,0.444444,0.07692307692307693,1,14.5,47.9,11.3,313.6,792.2,23285.1,84.7,2461.9,2572.4,"{'timestamp': '2026-09-06T16:02:05.902958+00:00', 'model_version': 'nemotron-mini:4b', 'prompt_hash': 'a6af280e'}"
1,real_mixed_5,nemotron-mini:4b_kb_rag,15.736592769622803,23.85,0,direct_json,0.068966,0.200000,0.102564,0.27586206896551724,8,13.0,45.3,13.6,540.8,792.2,23985.1,83.4,2461.9,2572.4,"{'timestamp': '2026-09-06T16:01:11.234765+00:00', 'model_version': 'nemotron-mini:4b', 'prompt_hash': 'a6af280e'}"
1,real_mixed_6,nemotron-mini:4b_kb_rag,63.4122588634491,37.6,0,direct_json,0.833333,0.277778,0.416667,0.0,0,14.3,47.9,8.6,308.8,792.2,23310.2,84.6,2461.9,2572.4,"{'timestamp': '2026-09-06T16:01:58.918776+00:00', 'model_version': 'nemotron-mini:4b', 'prompt_hash': 'a6af280e'}"
4,real_mixed_13,nemotron-mini:4b_kb_rag,68.47491312026978,16.7,0,fallback,0.107143,0.300000,0.157895,0.07142857142857142,4,14.5,47.9,8.7,232.6,570.9,22955.0,85.4,2461.9,2572.4,"{'timestamp': '2026-09-06T16:02:29.922545+00:00', 'model_version': 'nemotron-mini:4b', 'prompt_hash': 'a6af280e'}"
4,real_mixed_14,nemotron-mini:4b_kb_rag,81.06627082824707,20.4,0,direct_json,0.454545,0.833333,0.588235,0.3181818181818182,7,14.5,47.9,6.4,212.5,570.9,22968.4,85.4,2461.9,2572.4,"{'timestamp': '2026-09-06T16:02:42.510062+00:00', 'model_version': 'nemotron-mini:4b', 'prompt_hash': 'a6af280e'}"
4,real_mixed_15,nemotron-mini:4b_kb_rag,49.839433908462524,12.47,0,direct_json,0.200000,0.111111,0.142857,0.0,0,15.6,47.9,10.0,258.8,570.9,22926.4,85.5,2461.9,2572.4,"{'timestamp': '2026-09-06T16:02:11.267684+00:00', 'model_version': 'nemotron-mini:4b', 'prompt_hash': 'a6af280e'}"
5,real_mixed_16,nemotron-mini:4b_kb_rag,65.87991786003113,37.12,0,direct_json,1.000000,0.222222,0.363636,0.0,0,14.0,49.6,8.6,236.3,570.9,22934.2,85.4,2461.9,2572.4,"{'timestamp': '2026-09-06T16:02:48.980298+00:00', 'model_version': 'nemotron-mini:4b', 'prompt_hash': 'a6af280e'}"
5,real_mixed_17,nemotron-mini:4b_kb_rag,63.88510584831238,39.07,0,direct_json,0.000000,0.000000,0.000000,0.0,0,14.1,49.6,8.3,231.6,570.9,22964.9,85.4,2461.9,2572.4,"{'timestamp': '2026-09-06T16:02:46.974372+00:00', 'model_version': 'nemotron-mini:4b', 'prompt_hash': 'a6af280e'}"
5,real_mixed_18,nemotron-mini:4b_kb_rag,62.37858295440674,38.21,0,direct_json,0.875000,0.583333,0.700000,0.0,0,14.2,49.6,11.1,228.4,570.9,22982.1,85.4,2461.9,2572.4,"{'timestamp': '2026-09-06T16:02:45.468531+00:00', 'model_version': 'nemotron-mini:4b', 'prompt_hash': 'a6af280e'}"
6,real_mixed_19,nemotron-mini:4b_kb_rag,55.27420115470886,25.49,0,direct_json,0.714286,0.250000,0.370370,0.0,0,14.1,49.6,10.3,247.5,589.8,22902.2,85.4,2461.9,2572.4,"{'timestamp': '2026-09-06T16:02:52.586792+00:00', 'model_version': 'nemotron-mini:4b', 'prompt_hash': 'a6af280e'}"
6,real_mixed_20,nemotron-mini:4b_kb_rag,66.47272109985352,21.37,0,direct_json,0.250000,0.187500,0.214286,0.0,0,14.4,49.6,7.6,235.1,589.8,22978.9,85.2,2461.9,2572.4,"{'timestamp': '2026-09-06T16:03:03.786826+00:00', 'model_version': 'nemotron-mini:4b', 'prompt_hash': 'a6af280e'}"
6,real_mixed_21,nemotron-mini:4b_kb_rag,57.76075196266174,38.02,0,direct_json,1.000000,0.357143,0.526316,0.0,0,14.2,49.6,10.1,248.9,589.8,22919.2,85.3,2461.9,2572.4,"{'timestamp': '2026-09-06T16:02:55.067448+00:00', 'model_version': 'nemotron-mini:4b', 'prompt_hash': 'a6af280e'}"
7,real_mixed_22,nemotron-mini:4b_kb_rag,59.343050956726074,35.99,0,direct_json,0.000000,0.000000,0.000000,0.0,0,14.4,61.6,9.8,229.5,589.8,23002.3,85.1,2461.9,2572.4,"{'timestamp': '2026-09-06T16:03:05.642034+00:00', 'model_version': 'nemotron-mini:4b', 'prompt_hash': 'a6af280e'}"
7,real_mixed_23,nemotron-mini:4b_kb_rag,64.9195830821991,23.22,0,direct_json,0.454545,0.333333,0.384615,0.0,0,14.6,61.6,8.8,232.6,589.8,23075.2,85.0,2461.9,2572.4,"{'timestamp': '2026-09-06T16:03:11.232303+00:00', 'model_version': 'nemotron-mini:4b', 'prompt_hash': 'a6af280e'}"
7,real_mixed_24,nemotron-mini:4b_kb_rag,69.96519804000854,21.88,0,direct_json,0.363636,0.571429,0.444444,0.2727272727272727,3,13.9,61.6,7.3,234.7,589.8,23162.9,84.8,2461.9,2572.4,"{'timestamp': '2026-09-06T16:03:16.278066+00:00', 'model_version': 'nemotron-mini:4b', 'prompt_hash': 'a6af280e'}"
8,real_mixed_25,nemotron-mini:4b_kb_rag,46.15883922576904,11.63,0,direct_json,0.000000,0.000000,0.000000,0.0,0,13.7,61.6,10.3,314.4,604.2,23631.1,83.8,2461.9,2572.4,"{'timestamp': '2026-09-06T16:03:29.118510+00:00', 'model_version': 'nemotron-mini:4b', 'prompt_hash': 'a6af280e'}"
8,real_mixed_26,nemotron-mini:4b_kb_rag,42.11825108528137,25.55,0,direct_json,0.718750,0.638889,0.676471,0.03125,1,14.2,61.6,14.3,315.0,604.2,23530.6,83.9,2461.9,2572.4,"{'timestamp': '2026-09-06T16:03:25.079042+00:00', 'model_version': 'nemotron-mini:4b', 'prompt_hash': 'a6af280e'}"
8,real_mixed_27,nemotron-mini:4b_kb_rag,53.78244996070862,24.67,0,direct_json,0.714286,0.384615,0.500000,0.0,0,13.2,61.6,10.5,303.5,604.2,23788.1,83.4,2461.9,2572.4,"{'timestamp': '2026-09-06T16:03:36.736331+00:00', 'model_version': 'nemotron-mini:4b', 'prompt_hash': 'a6af280e'}"
9,real_mixed_28,nemotron-mini:4b_kb_rag,66.968177318573,21.74,0,direct_json,0.266667,0.266667,0.266667,0.06666666666666667,1,13.1,61.6,8.6,280.3,604.2,23886.4,83.3,2461.9,2572.4,"{'timestamp': '2026-09-06T16:03:56.354179+00:00', 'model_version': 'nemotron-mini:4b', 'prompt_hash': 'a6af280e'}"
9,real_mixed_29,nemotron-mini:4b_kb_rag,55.22226023674011,25.23,0,direct_json,0.312500,0.416667,0.357143,0.0,0,13.1,61.6,8.7,304.3,604.2,23954.1,83.2,2461.9,2572.4,"{'timestamp': '2026-09-06T16:03:44.612183+00:00', 'model_version': 'nemotron-mini:4b', 'prompt_hash': 'a6af280e'}"
9,real_mixed_30,nemotron-mini:4b_kb_rag,59.283610820770264,17.44,0,direct_json,0.833333,0.625000,0.714286,0.0,0,14.1,100.0,9.3,299.4,604.2,23928.2,83.2,2461.9,2572.4,"{'timestamp': '2026-09-06T16:03:48.657678+00:00', 'model_version': 'nemotron-mini:4b', 'prompt_hash': 'a6af280e'}"
10,real_mixed_31,nemotron-mini:4b_kb_rag,54.23848295211792,30.57,0,direct_json,0.333333,0.500000,0.400000,0.0,0,12.6,61.6,9.3,297.8,604.2,24053.2,83.1,2461.9,2572.4,"{'timestamp': '2026-09-06T16:03:58.438331+00:00', 'model_version': 'nemotron-mini:4b', 'prompt_hash': 'a6af280e'}"
10,real_mixed_32,nemotron-mini:4b_kb_rag,65.41711807250977,27.93,0,direct_json,0.222222,0.571429,0.320000,0.0,0,12.5,61.6,7.2,306.8,604.2,23964.8,83.3,2461.9,2572.4,"{'timestamp': '2026-09-06T16:04:09.629272+00:00', 'model_version': 'nemotron-mini:4b', 'prompt_hash': 'a6af280e'}"
10,real_mixed_33,nemotron-mini:4b_kb_rag,60.34014320373535,15.45,0,direct_json,0.600000,0.230769,0.333333,0.2,1,12.5,61.6,7.7,314.2,604.2,24000.2,83.2,2461.9,2572.4,"{'timestamp': '2026-09-06T16:04:04.568408+00:00', 'model_version': 'nemotron-mini:4b', 'prompt_hash': 'a6af280e'}"
11,real_mixed_34,nemotron-mini:4b_kb_rag,67.93293595314026,22.68,0,direct_json,0.105263,0.200000,0.137931,0.0,0,14.1,46.7,7.9,283.5,604.2,23732.5,83.7,2461.9,2572.4,"{'timestamp': '2026-09-06T16:04:24.529349+00:00', 'model_version': 'nemotron-mini:4b', 'prompt_hash': 'a6af280e'}"
11,real_mixed_35,nemotron-mini:4b_kb_rag,70.44188189506531,37.88,0,direct_json,0.800000,0.571429,0.666667,0.0,0,17.9,87.5,6.7,277.0,604.2,23724.1,83.7,2461.9,2572.4,"{'timestamp': '2026-09-06T16:04:27.036076+00:00', 'model_version': 'nemotron-mini:4b', 'prompt_hash': 'a6af280e'}"
11,real_mixed_36,nemotron-mini:4b_kb_rag,57.84751105308533,10.88,0,direct_json,1.000000,0.142857,0.250000,0.0,0,13.3,45.6,9.4,312.2,604.2,23857.4,83.5,2461.9,2572.4,"{'timestamp': '2026-09-06T16:04:14.457009+00:00', 'model_version': 'nemotron-mini:4b', 'prompt_hash': 'a6af280e'}"
12,real_mixed_37,nemotron-mini:4b_kb_rag,59.83628010749817,36.31,0,direct_json,0.714286,0.416667,0.526316,0.0,0,13.5,45.6,8.6,260.2,577.0,23365.7,84.3,2461.9,2572.4,"{'timestamp': '2026-09-06T16:04:36.912799+00:00', 'model_version': 'nemotron-mini:4b', 'prompt_hash': 'a6af280e'}"
12,real_mixed_38,nemotron-mini:4b_kb_rag,56.29938197135925,18.6,0,direct_json,0.153846,0.153846,0.153846,0.3076923076923077,4,13.5,45.6,8.4,263.0,577.0,23368.1,84.4,2461.9,2572.4,"{'timestamp': '2026-09-06T16:04:33.371953+00:00', 'model_version': 'nemotron-mini:4b', 'prompt_hash': 'a6af280e'}"
12,real_mixed_39,nemotron-mini:4b_kb_rag,62.862348794937134,36.83,0,direct_json,0.714286,0.714286,0.714286,0.14285714285714285,1,13.4,45.6,7.5,258.0,577.0,23354.2,84.3,2461.9,2572.4,"{'timestamp': '2026-09-06T16:04:39.934005+00:00', 'model_version': 'nemotron-mini:4b', 'prompt_hash': 'a6af280e'}"
13,real_mixed_40,nemotron-mini:4b_kb_rag,47.26076006889343,13.9,0,direct_json,0.600000,0.250000,0.352941,0.0,0,13.6,44.4,9.8,284.5,577.0,23236.1,84.5,2461.9,2572.4,"{'timestamp': '2026-09-06T16:04:43.984529+00:00', 'model_version': 'nemotron-mini:4b', 'prompt_hash': 'a6af280e'}"
13,real_mixed_41,nemotron-mini:4b_kb_rag,55.86903619766235,19.03,0,direct_json,0.769231,0.555556,0.645161,0.0,0,13.3,44.4,21.4,275.9,577.0,23248.5,84.5,2461.9,2572.4,"{'timestamp': '2026-09-06T16:04:52.598327+00:00', 'model_version': 'nemotron-mini:4b', 'prompt_hash': 'a6af280e'}"
13,real_mixed_42,nemotron-mini:4b_kb_rag,62.42871403694153,25.6,0,direct_json,0.466667,0.291667,0.358974,0.06666666666666667,1,13.3,44.4,7.4,261.2,577.0,23294.6,84.5,2461.9,2572.4,"{'timestamp': '2026-09-06T16:04:59.171422+00:00', 'model_version': 'nemotron-mini:4b', 'prompt_hash': 'a6af280e'}"
14,real_mixed_43,nemotron-mini:4b_kb_rag,72.01091003417969,10.76,0,direct_json,0.500000,0.047619,0.086957,0.0,0,13.0,44.4,8.6,238.4,578.8,23311.1,84.5,2461.9,2572.4,"{'timestamp': '2026-09-06T16:05:21.961032+00:00', 'model_version': 'nemotron-mini:4b', 'prompt_hash': 'a6af280e'}"
14,real_mixed_44,nemotron-mini:4b_kb_rag,63.37836813926697,28.17,0,direct_json,0.400000,0.428571,0.413793,0.0,0,13.2,44.4,7.7,252.0,578.8,23330.2,84.3,2461.9,2572.4,"{'timestamp': '2026-09-06T16:05:13.340935+00:00', 'model_version': 'nemotron-mini:4b', 'prompt_hash': 'a6af280e'}"
14,real_mixed_45,nemotron-mini:4b_kb_rag,55.79893708229065,28.21,0,direct_json,0.411765,0.583333,0.482759,0.0,0,13.3,44.4,13.0,250.4,578.8,23253.9,84.5,2461.9,2572.4,"{'timestamp': '2026-09-06T16:05:05.752915+00:00', 'model_version': 'nemotron-mini:4b', 'prompt_hash': 'a6af280e'}"
15,real_mixed_46,nemotron-mini:4b_kb_rag,63.111368894577026,25.69,0,direct_json,0.250000,0.214286,0.230769,0.4166666666666667,5,15.9,46.2,8.9,267.3,582.9,23336.1,84.4,2461.9,2572.4,"{'timestamp': '2026-09-06T16:05:30.508076+00:00', 'model_version': 'nemotron-mini:4b', 'prompt_hash': 'a6af280e'}"
15,real_mixed_47,nemotron-mini:4b_kb_rag,58.05352997779846,34.44,0,direct_json,0.454545,0.192308,0.270270,0.0,0,15.8,46.2,10.0,267.9,582.9,23351.4,84.4,2461.9,2572.4,"{'timestamp': '2026-09-06T16:05:25.470511+00:00', 'model_version': 'nemotron-mini:4b', 'prompt_hash': 'a6af280e'}"
15,real_mixed_48,nemotron-mini:4b_kb_rag,69.20255708694458,23.96,0,direct_json,0.181818,0.333333,0.235294,0.45454545454545453,5,15.7,48.2,7.3,258.9,582.9,23327.4,84.5,2461.9,2572.4,"{'timestamp': '2026-09-06T16:05:36.602321+00:00', 'model_version': 'nemotron-mini:4b', 'prompt_hash': 'a6af280e'}"
16,real_mixed_49,nemotron-mini:4b_kb_rag,75.63141202926636,29.25,0,direct_json,0.238095,0.357143,0.285714,0.14285714285714285,3,22.3,69.3,8.2,245.5,582.9,23268.4,83.8,2461.9,2572.4,"{'timestamp': '2026-09-06T16:05:56.212040+00:00', 'model_version': 'nemotron-mini:4b', 'prompt_hash': 'a6af280e'}"
16,real_mixed_50,nemotron-mini:4b_kb_rag,66.98806500434875,32.01,0,direct_json,0.375000,0.545455,0.444444,0.1875,3,27.2,100.0,8.0,262.1,582.9,23289.9,84.8,2461.9,2572.4,"{'timestamp': '2026-09-06T16:05:47.568540+00:00', 'model_version': 'nemotron-mini:4b', 'prompt_hash': 'a6af280e'}"
16,real_mixed_51,nemotron-mini:4b_kb_rag,61.4534330368042,29.08,0,direct_json,0.285714,0.444444,0.347826,0.2857142857142857,4,20.0,100.0,9.9,271.3,582.9,23287.6,84.6,2461.9,2572.4,"{'timestamp': '2026-09-06T16:05:42.027548+00:00', 'model_version': 'nemotron-mini:4b', 'prompt_hash': 'a6af280e'}"
17,real_mixed_52,nemotron-mini:4b_kb_rag,76.12685012817383,20.85,0,direct_json,0.272727,0.428571,0.333333,0.0,0,12.9,46.9,7.6,316.9,582.9,23850.5,80.7,2461.9,2572.4,"{'timestamp': '2026-09-06T16:06:15.674101+00:00', 'model_version': 'nemotron-mini:4b', 'prompt_hash': 'a6af280e'}"
17,real_mixed_53,nemotron-mini:4b_kb_rag,66.47239518165588,17.45,0,direct_json,0.153846,0.333333,0.210526,0.0,0,13.5,46.9,7.6,284.1,582.9,23488.2,82.0,2461.9,2572.4,"{'timestamp': '2026-09-06T16:06:06.019809+00:00', 'model_version': 'nemotron-mini:4b', 'prompt_hash': 'a6af280e'}"
17,real_mixed_54,nemotron-mini:4b_kb_rag,58.38520908355713,34.86,0,direct_json,0.500000,0.750000,0.600000,0.0,0,13.9,46.9,8.7,248.2,582.9,23233.4,83.3,2461.9,2572.4,"{'timestamp': '2026-09-06T16:05:57.918606+00:00', 'model_version': 'nemotron-mini:4b', 'prompt_hash': 'a6af280e'}"
18,real_mixed_55,nemotron-mini:4b_kb_rag,60.830106019973755,17.64,0,direct_json,0.230769,0.333333,0.272727,0.0,0,15.3,66.7,8.3,376.4,615.1,24540.8,78.3,2461.9,2572.4,"{'timestamp': '2026-09-06T16:06:23.128312+00:00', 'model_version': 'nemotron-mini:4b', 'prompt_hash': 'a6af280e'}"
18,real_mixed_56,nemotron-mini:4b_kb_rag,67.93225884437561,25.04,0,direct_json,0.375000,0.428571,0.400000,0.0625,1,12.8,46.9,26.3,401.9,615.3,24977.4,77.6,2461.9,2572.4,"{'timestamp': '2026-09-06T16:06:30.274447+00:00', 'model_version': 'nemotron-mini:4b', 'prompt_hash': 'a6af280e'}"
18,real_mixed_57,nemotron-mini:4b_kb_rag,72.47413611412048,21.07,0,direct_json,0.833333,0.555556,0.666667,0.08333333333333333,1,13.6,46.9,6.9,414.6,615.4,25264.2,77.1,2461.9,2572.4,"{'timestamp': '2026-09-06T16:06:34.838713+00:00', 'model_version': 'nemotron-mini:4b', 'prompt_hash': 'a6af280e'}"
19,real_mixed_58,nemotron-mini:4b_kb_rag,62.31623983383179,22.07,0,direct_json,0.500000,0.454545,0.476190,0.0,0,12.1,46.9,8.4,467.1,645.0,26093.9,74.7,2461.9,2572.4,"{'timestamp': '2026-09-06T16:06:39.430541+00:00', 'model_version': 'nemotron-mini:4b', 'prompt_hash': 'a6af280e'}"
19,real_mixed_59,nemotron-mini:4b_kb_rag,71.34697270393372,67.41,0,direct_json,0.818182,0.473684,0.600000,0.0,0,12.2,52.1,6.4,489.9,645.3,26196.1,73.0,2461.9,2572.4,"{'timestamp': '2026-09-06T16:06:48.463697+00:00', 'model_version': 'nemotron-mini:4b', 'prompt_hash': 'a6af280e'}"
19,real_mixed_60,nemotron-mini:4b_kb_rag,68.40385794639587,25.08,0,direct_json,0.727273,0.615385,0.666667,0.0,0,12.0,46.9,7.6,483.0,645.1,26462.6,74.2,2461.9,2572.4,"{'timestamp': '2026-09-06T16:06:45.524820+00:00', 'model_version': 'nemotron-mini:4b', 'prompt_hash': 'a6af280e'}"
20,real_mixed_61,nemotron-mini:4b_kb_rag,68.99288296699524,33.97,0,direct_json,0.434783,0.357143,0.392157,0.0,0,18.9,61.0,7.7,610.9,657.9,26462.6,65.5,2461.9,2572.4,"{'timestamp': '2026-09-06T16:07:05.593465+00:00', 'model_version': 'nemotron-mini:4b', 'prompt_hash': 'a6af280e'}"
20,real_mixed_62,nemotron-mini:4b_kb_rag,59.30179500579834,35.53,0,direct_json,0.222222,0.181818,0.200000,0.0,0,20.2,57.5,8.6,603.4,657.9,26796.7,67.3,2461.9,2572.4,"{'timestamp': '2026-09-06T16:06:55.874422+00:00', 'model_version': 'nemotron-mini:4b', 'prompt_hash': 'a6af280e'}"
20,real_mixed_63,nemotron-mini:4b_kb_rag,54.74484610557556,49.11,0,direct_json,0.125000,0.125000,0.125000,0.0,0,20.2,58.7,8.2,598.7,657.9,27009.6,68.4,2461.9,2572.4,"{'timestamp': '2026-09-06T16:06:51.322162+00:00', 'model_version': 'nemotron-mini:4b', 'prompt_hash': 'a6af280e'}"
21,real_mixed_64,nemotron-mini:4b_kb_rag,52.14170217514038,35.14,0,direct_json,0.000000,0.000000,0.000000,0.0,0,16.9,100.0,10.2,639.8,682.9,26646.3,62.6,2461.9,2572.4,"{'timestamp': '2026-09-06T16:07:08.120099+00:00', 'model_version': 'nemotron-mini:4b', 'prompt_hash': 'a6af280e'}"
21,real_mixed_65,nemotron-mini:4b_kb_rag,55.15853691101074,35.5,0,direct_json,0.142857,0.125000,0.133333,0.42857142857142855,3,14.6,52.1,9.1,642.2,682.9,26561.2,62.3,2461.9,2572.4,"{'timestamp': '2026-09-06T16:07:11.142922+00:00', 'model_version': 'nemotron-mini:4b', 'prompt_hash': 'a6af280e'}"
21,real_mixed_66,nemotron-mini:4b_kb_rag,57.16704201698303,34.22,0,direct_json,1.000000,0.100000,0.181818,0.0,0,16.1,100.0,7.9,643.6,682.9,26512.5,62.0,2461.9,2572.4,"{'timestamp': '2026-09-06T16:07:13.166669+00:00', 'model_version': 'nemotron-mini:4b', 'prompt_hash': 'a6af280e'}"
22,real_mixed_67,nemotron-mini:4b_kb_rag,47.13343691825867,34.69,0,direct_json,0.500000,0.235294,0.320000,0.375,3,22.4,58.1,9.7,666.2,701.3,25340.0,57.2,2461.9,2572.4,"{'timestamp': '2026-09-06T16:07:22.264629+00:00', 'model_version': 'nemotron-mini:4b', 'prompt_hash': 'a6af280e'}"
22,real_mixed_68,nemotron-mini:4b_kb_rag,44.04588532447815,35.55,0,direct_json,0.375000,0.461538,0.413793,0.125,2,23.2,60.4,11.2,663.7,701.3,25341.8,57.2,2461.9,2572.4,"{'timestamp': '2026-09-06T16:07:19.165947+00:00', 'model_version': 'nemotron-mini:4b', 'prompt_hash': 'a6af280e'}"
22,real_mixed_69,nemotron-mini:4b_kb_rag,54.747437953948975,34.11,0,direct_json,0.566667,0.680000,0.618182,0.06666666666666667,2,20.7,60.7,8.4,671.0,701.3,25348.4,57.1,2461.9,2572.4,"{'timestamp': '2026-09-06T16:07:29.896579+00:00', 'model_version': 'nemotron-mini:4b', 'prompt_hash': 'a6af280e'}"
23,real_mixed_70,nemotron-mini:4b_kb_rag,43.508097887039185,36.06,0,direct_json,0.600000,0.142857,0.230769,0.0,0,11.6,33.1,12.0,678.9,704.1,24632.9,55.2,2461.9,2572.4,"{'timestamp': '2026-09-06T16:07:32.264731+00:00', 'model_version': 'nemotron-mini:4b', 'prompt_hash': 'a6af280e'}"
23,real_mixed_71,nemotron-mini:4b_kb_rag,53.091840982437134,35.57,0,direct_json,0.307692,0.333333,0.320000,0.15384615384615385,2,11.1,33.1,8.8,683.5,704.1,24832.4,55.6,2461.9,2572.4,"{'timestamp': '2026-09-06T16:07:41.852908+00:00', 'model_version': 'nemotron-mini:4b', 'prompt_hash': 'a6af280e'}"
23,real_mixed_72,nemotron-mini:4b_kb_rag,48.049033880233765,36.38,0,direct_json,0.545455,0.428571,0.480000,0.0,0,11.6,33.1,10.7,681.3,704.1,24727.7,55.4,2461.9,2572.4,"{'timestamp': '2026-09-06T16:07:36.805297+00:00', 'model_version': 'nemotron-mini:4b', 'prompt_hash': 'a6af280e'}"
24,real_mixed_73,nemotron-mini:4b_kb_rag,43.567824840545654,23.49,0,direct_json,1.000000,0.466667,0.636364,0.0,0,11.3,32.2,11.3,697.4,705.8,25532.1,57.0,2461.9,2572.4,"{'timestamp': '2026-09-06T16:07:49.466947+00:00', 'model_version': 'nemotron-mini:4b', 'prompt_hash': 'a6af280e'}"
24,real_mixed_74,nemotron-mini:4b_kb_rag,38.9866042137146,35.84,0,direct_json,0.857143,0.600000,0.705882,0.14285714285714285,1,11.2,32.2,13.0,696.5,705.8,25449.8,56.8,2461.9,2572.4,"{'timestamp': '2026-09-06T16:07:44.883345+00:00', 'model_version': 'nemotron-mini:4b', 'prompt_hash': 'a6af280e'}"
24,real_mixed_75,nemotron-mini:4b_kb_rag,46.078474044799805,35.44,0,direct_json,0.285714,0.666667,0.400000,0.0,0,11.0,32.2,9.8,697.9,705.8,25570.0,57.0,2461.9,2572.4,"{'timestamp': '2026-09-06T16:07:51.965402+00:00', 'model_version': 'nemotron-mini:4b', 'prompt_hash': 'a6af280e'}"
25,real_mixed_76,nemotron-mini:4b_kb_rag,44.046436071395874,37.03,0,direct_json,0.000000,0.000000,0.000000,0.0,0,10.9,38.4,10.1,701.3,705.8,25742.7,57.4,2461.9,2572.4,"{'timestamp': '2026-09-06T16:07:57.522544+00:00', 'model_version': 'nemotron-mini:4b', 'prompt_hash': 'a6af280e'}"
25,real_mixed_77,nemotron-mini:4b_kb_rag,43.03581428527832,35.76,0,direct_json,0.416667,0.250000,0.312500,0.08333333333333333,1,10.9,38.4,10.3,701.3,705.8,25727.9,57.4,2461.9,2572.4,"{'timestamp': '2026-09-06T16:07:56.534461+00:00', 'model_version': 'nemotron-mini:4b', 'prompt_hash': 'a6af280e'}"
25,real_mixed_78,nemotron-mini:4b_kb_rag,51.17076110839844,34.88,0,direct_json,0.062500,0.250000,0.100000,0.5625,9,10.7,38.4,18.7,700.7,705.8,25821.5,57.5,2461.9,2572.4,"{'timestamp': '2026-09-06T16:08:04.645368+00:00', 'model_version': 'nemotron-mini:4b', 'prompt_hash': 'a6af280e'}"
26,real_mixed_79,nemotron-mini:4b_kb_rag,50.602335929870605,33.91,0,direct_json,0.666667,0.600000,0.631579,0.0,0,10.7,38.4,10.0,693.7,705.8,26229.6,58.3,2461.9,2572.4,"{'timestamp': '2026-09-06T16:08:20.790816+00:00', 'model_version': 'nemotron-mini:4b', 'prompt_hash': 'a6af280e'}"
26,real_mixed_80,nemotron-mini:4b_kb_rag,44.56080508232117,34.86,0,direct_json,0.652174,0.625000,0.638298,0.08695652173913043,2,11.1,38.4,11.1,704.8,705.8,26177.5,58.2,2461.9,2572.4,"{'timestamp': '2026-09-06T16:08:14.777518+00:00', 'model_version': 'nemotron-mini:4b', 'prompt_hash': 'a6af280e'}"
26,real_mixed_81,nemotron-mini:4b_kb_rag,36.98393392562866,34.4,0,direct_json,0.750000,0.272727,0.400000,0.0,0,10.7,38.4,11.6,703.2,705.8,26107.0,58.1,2461.9,2572.4,"{'timestamp': '2026-09-06T16:08:07.186544+00:00', 'model_version': 'nemotron-mini:4b', 'prompt_hash': 'a6af280e'}"
27,real_mixed_82,nemotron-mini:4b_kb_rag,44.0863676071167,34.68,0,direct_json,0.333333,0.222222,0.266667,0.0,0,12.7,38.4,12.4,691.3,705.8,26442.4,58.8,2461.9,2572.4,"{'timestamp': '2026-09-06T16:08:26.214338+00:00', 'model_version': 'nemotron-mini:4b', 'prompt_hash': 'a6af280e'}"
27,real_mixed_83,nemotron-mini:4b_kb_rag,41.071556091308594,35.49,0,direct_json,0.777778,0.700000,0.736842,0.0,0,12.9,38.4,12.2,690.9,705.8,26409.5,58.7,2461.9,2572.4,"{'timestamp': '2026-09-06T16:08:23.200769+00:00', 'model_version': 'nemotron-mini:4b', 'prompt_hash': 'a6af280e'}"
27,real_mixed_84,nemotron-mini:4b_kb_rag,47.08251595497131,33.9,0,direct_json,1.000000,0.700000,0.823529,0.0,0,14.3,48.6,9.1,691.7,705.8,26476.7,58.8,2461.9,2572.4,"{'timestamp': '2026-09-06T16:08:29.215617+00:00', 'model_version': 'nemotron-mini:4b', 'prompt_hash': 'a6af280e'}"
28,real_mixed_85,nemotron-mini:4b_kb_rag,40.047369956970215,35.0,0,direct_json,0.375000,0.375000,0.375000,0.125,1,12.9,38.4,12.0,689.0,705.3,26595.7,59.1,2461.9,2572.4,"{'timestamp': '2026-09-06T16:08:32.292478+00:00', 'model_version': 'nemotron-mini:4b', 'prompt_hash': 'a6af280e'}"
28,real_mixed_86,nemotron-mini:4b_kb_rag,43.51472282409668,34.57,0,direct_json,0.714286,0.384615,0.500000,0.0,0,13.7,38.4,9.7,690.2,705.4,26632.4,59.2,2461.9,2572.4,"{'timestamp': '2026-09-06T16:08:35.772815+00:00', 'model_version': 'nemotron-mini:4b', 'prompt_hash': 'a6af280e'}"
28,real_mixed_87,nemotron-mini:4b_kb_rag,46.076807737350464,34.72,0,direct_json,0.500000,0.428571,0.461538,0.0,0,15.7,47.1,9.3,691.0,705.3,26666.8,59.2,2461.9,2572.4,"{'timestamp': '2026-09-06T16:08:38.330457+00:00', 'model_version': 'nemotron-mini:4b', 'prompt_hash': 'a6af280e'}"
29,real_mixed_88,nemotron-mini:4b_kb_rag,34.44399309158325,35.45,0,direct_json,0.666667,0.500000,0.571429,0.0,0,16.3,47.4,13.8,686.6,714.2,26808.0,59.5,2461.9,2572.4,"{'timestamp': '2026-09-06T16:08:39.363940+00:00', 'model_version': 'nemotron-mini:4b', 'prompt_hash': 'a6af280e'}"
29,real_mixed_89,nemotron-mini:4b_kb_rag,40.042092084884644,34.42,0,direct_json,0.666667,0.307692,0.421053,0.0,0,16.3,83.3,10.5,690.4,714.2,26866.7,59.6,2461.9,2572.4,"{'timestamp': '2026-09-06T16:08:44.985821+00:00', 'model_version': 'nemotron-mini:4b', 'prompt_hash': 'a6af280e'}"
29,real_mixed_90,nemotron-mini:4b_kb_rag,37.47325682640076,35.11,0,direct_json,0.000000,0.000000,0.000000,0.5,4,16.9,85.7,13.4,688.8,714.2,26842.6,59.6,2461.9,2572.4,"{'timestamp': '2026-09-06T16:08:42.403452+00:00', 'model_version': 'nemotron-mini:4b', 'prompt_hash': 'a6af280e'}"
30,real_mixed_91,nemotron-mini:4b_kb_rag,30.898146152496338,35.19,0,direct_json,0.416667,0.416667,0.416667,0.25,3,18.0,36.0,50.3,706.4,714.2,27125.2,60.2,2461.9,2572.4,"{'timestamp': '2026-09-06T16:08:51.973874+00:00', 'model_version': 'nemotron-mini:4b', 'prompt_hash': 'a6af280e'}"
30,real_mixed_92,nemotron-mini:4b_kb_rag,37.91077709197998,34.58,0,direct_json,0.173913,0.266667,0.210526,0.30434782608695654,7,21.4,50.0,11.4,692.7,714.2,27160.0,60.3,2461.9,2572.4,"{'timestamp': '2026-09-06T16:08:58.992221+00:00', 'model_version': 'nemotron-mini:4b', 'prompt_hash': 'a6af280e'}"
30,real_mixed_93,nemotron-mini:4b_kb_rag,26.853960037231445,34.48,0,direct_json,0.636364,0.700000,0.666667,0.09090909090909091,1,18.1,36.0,19.0,705.2,714.2,27099.8,60.1,2461.9,2572.4,"{'timestamp': '2026-09-06T16:08:47.924730+00:00', 'model_version': 'nemotron-mini:4b', 'prompt_hash': 'a6af280e'}"
31,real_mixed_94,nemotron-mini:4b_kb_rag,39.50725984573364,33.93,0,direct_json,0.388889,0.333333,0.358974,0.05555555555555555,1,11.1,36.0,13.4,695.7,714.2,27268.2,60.5,2461.9,2572.4,"{'timestamp': '2026-09-06T16:09:09.025258+00:00', 'model_version': 'nemotron-mini:4b', 'prompt_hash': 'a6af280e'}"
31,real_mixed_95,nemotron-mini:4b_kb_rag,33.49082708358765,33.87,0,direct_json,0.000000,0.000000,0.000000,0.09090909090909091,1,11.3,36.0,20.9,692.8,714.3,27243.4,60.4,2461.9,2572.4,"{'timestamp': '2026-09-06T16:09:02.989332+00:00', 'model_version': 'nemotron-mini:4b', 'prompt_hash': 'a6af280e'}"
31,real_mixed_96,nemotron-mini:4b_kb_rag,41.61123204231262,33.77,0,direct_json,0.600000,0.250000,0.352941,0.0,0,11.0,36.0,10.5,696.5,714.3,27273.5,60.5,2461.9,2572.4,"{'timestamp': '2026-09-06T16:09:11.132926+00:00', 'model_version': 'nemotron-mini:4b', 'prompt_hash': 'a6af280e'}"
32,real_mixed_97,nemotron-mini:4b_kb_rag,34.48579812049866,33.29,0,direct_json,1.000000,0.666667,0.800000,0.0,0,10.4,36.0,14.5,695.5,714.3,27324.8,60.7,2461.9,2572.4,"{'timestamp': '2026-09-06T16:09:13.137147+00:00', 'model_version': 'nemotron-mini:4b', 'prompt_hash': 'a6af280e'}"
32,real_mixed_98,nemotron-mini:4b_kb_rag,40.013680934906006,33.62,0,direct_json,0.111111,0.071429,0.086957,0.4444444444444444,8,10.8,36.0,12.1,686.9,714.3,27340.5,60.7,2461.9,2572.4,"{'timestamp': '2026-09-06T16:09:18.690414+00:00', 'model_version': 'nemotron-mini:4b', 'prompt_hash': 'a6af280e'}"
32,real_mixed_99,nemotron-mini:4b_kb_rag,42.60692596435547,34.6,0,direct_json,0.000000,0.000000,0.000000,0.25,2,10.6,36.0,10.4,682.2,714.3,27344.9,60.7,2461.9,2572.4,"{'timestamp': '2026-09-06T16:09:21.254513+00:00', 'model_version': 'nemotron-mini:4b', 'prompt_hash': 'a6af280e'}"
33,real_mixed_100,nemotron-mini:4b_kb_rag,43.59352684020996,24.99,0,direct_json,0.200000,0.428571,0.272727,0.0,0,10.6,33.4,11.5,674.3,714.2,27411.4,60.9,2461.9,2572.4,"{'timestamp': '2026-09-06T16:09:28.852761+00:00', 'model_version': 'nemotron-mini:4b', 'prompt_hash': 'a6af280e'}"
33,real_mixed_101,nemotron-mini:4b_kb_rag,38.02277612686157,33.75,0,direct_json,0.571429,0.571429,0.571429,0.0,0,10.6,33.4,13.6,675.1,714.2,27373.8,60.8,2461.9,2572.4,"{'timestamp': '2026-09-06T16:09:23.279640+00:00', 'model_version': 'nemotron-mini:4b', 'prompt_hash': 'a6af280e'}"
33,real_mixed_102,nemotron-mini:4b_kb_rag,44.55966806411743,34.73,0,direct_json,0.000000,0.000000,0.000000,0.0,0,10.6,33.4,10.1,674.0,714.2,27419.8,60.9,2461.9,2572.4,"{'timestamp': '2026-09-06T16:09:29.812159+00:00', 'model_version': 'nemotron-mini:4b', 'prompt_hash': 'a6af280e'}"
34,real_mixed_103,nemotron-mini:4b_kb_rag,32.39275407791138,34.95,0,direct_json,0.000000,0.000000,0.000000,0.0,0,11.2,35.5,15.8,677.0,712.3,27498.2,61.1,2461.9,2572.4,"{'timestamp': '2026-09-06T16:09:31.693729+00:00', 'model_version': 'nemotron-mini:4b', 'prompt_hash': 'a6af280e'}"
34,real_mixed_104,nemotron-mini:4b_kb_rag,37.461236000061035,35.42,0,direct_json,0.294118,0.500000,0.370370,0.0,0,11.1,35.5,14.1,681.7,712.3,27550.1,61.3,2461.9,2572.4,"{'timestamp': '2026-09-06T16:09:36.782642+00:00', 'model_version': 'nemotron-mini:4b', 'prompt_hash': 'a6af280e'}"
34,real_mixed_105,nemotron-mini:4b_kb_rag,41.988293170928955,35.94,0,direct_json,0.428571,0.600000,0.500000,0.07142857142857142,1,10.7,35.5,10.9,684.9,712.3,27590.8,61.3,2461.9,2572.4,"{'timestamp': '2026-09-06T16:09:41.307552+00:00', 'model_version': 'nemotron-mini:4b', 'prompt_hash': 'a6af280e'}"
35,real_mixed_106,nemotron-mini:4b_kb_rag,31.891989946365356,34.25,0,direct_json,0.333333,1.000000,0.500000,0.0,0,11.2,35.5,13.9,676.2,712.3,27689.8,61.6,2461.9,2572.4,"{'timestamp': '2026-09-06T16:09:43.325674+00:00', 'model_version': 'nemotron-mini:4b', 'prompt_hash': 'a6af280e'}"
35,real_mixed_107,nemotron-mini:4b_kb_rag,36.458202838897705,34.57,0,direct_json,0.727273,0.615385,0.666667,0.0,0,11.2,35.5,12.1,680.6,712.3,27724.7,61.7,2461.9,2572.4,"{'timestamp': '2026-09-06T16:09:47.904542+00:00', 'model_version': 'nemotron-mini:4b', 'prompt_hash': 'a6af280e'}"
35,real_mixed_108,nemotron-mini:4b_kb_rag,38.43726325035095,34.22,0,direct_json,0.000000,0.000000,0.000000,0.0,0,11.2,35.5,11.5,678.8,712.3,27733.6,61.7,2461.9,2572.4,"{'timestamp': '2026-09-06T16:09:49.892666+00:00', 'model_version': 'nemotron-mini:4b', 'prompt_hash': 'a6af280e'}"
36,real_mixed_109,nemotron-mini:4b_kb_rag,35.42874217033386,33.93,0,direct_json,0.500000,0.250000,0.333333,0.16666666666666666,2,11.3,35.5,14.3,695.0,713.7,27888.1,62.0,2461.9,2572.4,"{'timestamp': '2026-09-06T16:09:56.994069+00:00', 'model_version': 'nemotron-mini:4b', 'prompt_hash': 'a6af280e'}"
36,real_mixed_110,nemotron-mini:4b_kb_rag,39.47554874420166,35.5,0,direct_json,0.600000,0.166667,0.260870,0.0,0,11.0,35.5,11.6,696.9,713.7,27916.6,62.1,2461.9,2572.4,"{'timestamp': '2026-09-06T16:10:01.044824+00:00', 'model_version': 'nemotron-mini:4b', 'prompt_hash': 'a6af280e'}"
36,real_mixed_111,nemotron-mini:4b_kb_rag,31.913442134857178,35.44,0,direct_json,0.230769,0.103448,0.142857,0.3076923076923077,4,11.1,35.5,15.9,693.0,713.7,27865.5,62.0,2461.9,2572.4,"{'timestamp': '2026-09-06T16:09:53.483462+00:00', 'model_version': 'nemotron-mini:4b', 'prompt_hash': 'a6af280e'}"
37,real_mixed_112,nemotron-mini:4b_kb_rag,33.902637004852295,35.22,0,direct_json,0.375000,0.600000,0.461538,0.0,0,12.1,42.9,31.3,707.5,713.7,28009.4,62.3,2461.9,2572.4,"{'timestamp': '2026-09-06T16:10:04.001847+00:00', 'model_version': 'nemotron-mini:4b', 'prompt_hash': 'a6af280e'}"
37,real_mixed_113,nemotron-mini:4b_kb_rag,39.02288794517517,32.59,0,direct_json,0.714286,0.555556,0.625000,0.0,0,11.6,75.7,8.3,708.2,713.7,28045.6,62.4,2461.9,2572.4,"{'timestamp': '2026-09-06T16:10:09.130518+00:00', 'model_version': 'nemotron-mini:4b', 'prompt_hash': 'a6af280e'}"
37,real_mixed_114,nemotron-mini:4b_kb_rag,35.49125409126282,34.16,0,direct_json,0.500000,0.142857,0.222222,0.5,1,10.6,34.4,11.4,707.7,713.7,28016.2,62.3,2461.9,2572.4,"{'timestamp': '2026-09-06T16:10:05.600628+00:00', 'model_version': 'nemotron-mini:4b', 'prompt_hash': 'a6af280e'}"
38,real_mixed_115,nemotron-mini:4b_kb_rag,28.855474948883057,31.49,0,direct_json,1.000000,0.333333,0.500000,0.0,0,12.7,75.7,9.5,707.1,713.8,28119.9,62.5,2461.9,2572.4,"{'timestamp': '2026-09-06T16:10:10.462282+00:00', 'model_version': 'nemotron-mini:4b', 'prompt_hash': 'a6af280e'}"
38,real_mixed_116,nemotron-mini:4b_kb_rag,30.426161766052246,38.02,0,direct_json,0.000000,0.000000,0.000000,0.0,0,12.8,75.7,9.3,707.4,713.7,28147.1,62.6,2461.9,2572.4,"{'timestamp': '2026-09-06T16:10:12.032373+00:00', 'model_version': 'nemotron-mini:4b', 'prompt_hash': 'a6af280e'}"
38,real_mixed_117,nemotron-mini:4b_kb_rag,34.494696378707886,35.41,0,direct_json,0.000000,0.000000,0.000000,0.0,0,14.8,75.7,6.2,687.4,713.7,28191.8,62.6,2461.9,2572.4,"{'timestamp': '2026-09-06T16:10:16.116151+00:00', 'model_version': 'nemotron-mini:4b', 'prompt_hash': 'a6af280e'}"
39,real_mixed_118,nemotron-mini:4b_kb_rag,35.95227289199829,34.68,0,direct_json,0.333333,0.600000,0.428571,0.2222222222222222,2,12.6,75.7,4.7,631.8,713.7,28343.5,62.9,2461.9,2572.4,"{'timestamp': '2026-09-06T16:10:26.180581+00:00', 'model_version': 'nemotron-mini:4b', 'prompt_hash': 'a6af280e'}"
39,real_mixed_119,nemotron-mini:4b_kb_rag,28.8560049533844,36.82,0,direct_json,0.800000,0.666667,0.727273,0.0,0,12.8,75.7,5.0,670.1,713.7,28304.5,62.8,2461.9,2572.4,"{'timestamp': '2026-09-06T16:10:19.088215+00:00', 'model_version': 'nemotron-mini:4b', 'prompt_hash': 'a6af280e'}"
39,real_mixed_120,nemotron-mini:4b_kb_rag,32.911582946777344,35.55,0,direct_json,0.230769,0.600000,0.333333,0.23076923076923078,3,12.5,75.7,2.7,653.7,713.7,28336.6,62.9,2461.9,2572.4,"{'timestamp': '2026-09-06T16:10:23.140996+00:00', 'model_version': 'nemotron-mini:4b', 'prompt_hash': 'a6af280e'}"
