batch_idx,record_id,model,latency_sec,tokens_per_sec,retries,retry_count,raw_response,parse_method,precision,recall,f1,hallucination_rate,hallucinated_count,cpu_avg_pct,cpu_peak_pct,proc_cpu_avg_pct,mem_avg_mb,mem_peak_mb,sys_mem_avg_mb,sys_mem_avg_pct,vram_mb,model_disk_mb,data_provenance
3,16,zs-en,18.230247974395752,53.54,0,0,"{""Persons"": [""Brad Garlinghouse"", ""Christian Larsen""], ""Organizations"": [""SEC"", ""Ripple Labs Inc""], ""Locations"": []}",direct_json,1.0,1.0,1.0,0.0,0,9.3,94.2,19.7,235.6,236.4,22704.7,58.6,9051.5,9163.2,"{'timestamp': '2026-09-15T05:33:02.094407+00:00', 'model_version': 'gemma4:latest', 'prompt_hash': 'a6af280e'}"
3,17,zs-en,12.147250175476074,54.97,0,0,"{""Persons"": [""Lars Machen""], ""Organizations"": [""DOJ"", ""BNP Paribas SA""], ""Locations"": [""Sudan"", ""Iran""]}",direct_json,1.0,1.0,1.0,0.0,0,10.7,94.2,31.9,235.2,236.4,22044.7,58.6,9051.5,9163.2,"{'timestamp': '2026-09-15T05:32:56.011576+00:00', 'model_version': 'gemma4:latest', 'prompt_hash': 'a6af280e'}"
3,18,zs-en,4.0619871616363525,55.08,0,0,"{""Persons"": [""Sani Abacha""], ""Organizations"": [""U.S. Department of Justice"", ""Citibank""], ""Locations"": [""nigeriano""]}",direct_json,0.75,1.0,0.8571428571428571,0.0,0,19.4,94.2,6.7,234.4,234.4,19145.7,59.8,9051.5,9163.2,"{'timestamp': '2026-09-15T05:32:47.935602+00:00', 'model_version': 'gemma4:latest', 'prompt_hash': 'a6af280e'}"
3,19,zs-en,38.4116952419281,53.36,0,0,"{""Persons"": [""Sarah Johnston""], ""Organizations"": [""OFAC del Departamento del Tesoro de los Estados Unidos"", ""Airbnb Inc""], ""Locations"": [""Cuba""]}",direct_json,0.5,0.6666666666666666,0.5714285714285715,0.0,0,12.1,94.2,3.8,236.7,237.9,23578.1,58.7,9051.5,9163.2,"{'timestamp': '2026-09-15T05:33:22.278755+00:00', 'model_version': 'gemma4:latest', 'prompt_hash': 'a6af280e'}"
3,20,zs-en,83.04093217849731,54.42,0,0,"{""Persons"": [""Denny Chin"", ""Bernard L. Madoff""], ""Organizations"": [""Bernard L. Madoff Investment Securities LLC""], ""Locations"": [""Estados Unidos""]}",direct_json,0.75,1.0,0.8571428571428571,0.0,0,6.7,23.1,1.2,237.5,237.9,24547.9,59.0,9051.5,9163.2,"{'timestamp': '2026-09-15T05:34:10.989370+00:00', 'model_version': 'gemma4:latest', 'prompt_hash': 'a6af280e'}"
0,1,zs-en,65.26003313064575,53.28,0,0,"{""Persons"": [""Alexey Shevchenko""], ""Organizations"": [""OFAC del Departamento del Tesoro de los EE. UU."", ""Al-Sahra Electronics""], ""Locations"": [""Dubai"", ""EE. UU."", ""Estados Unidos"", ""Rusia"", ""EAU""]}",direct_json,0.75,0.75,0.75,0.0,0,10.8,94.2,5.8,237.1,237.9,24025.7,58.9,9051.5,9163.2,"{'timestamp': '2026-09-15T05:33:49.123013+00:00', 'model_version': 'gemma4:latest', 'prompt_hash': 'a6af280e'}"
0,2,zs-en,19.193848133087158,55.47,0,0,"{""Persons"": [""Kenneth A. Polite Jr."", ""Stephen Murphy""], ""Organizations"": [""HSBC"", ""Sinaloa Cartel""], ""Locations"": [""New York""]}",direct_json,1.0,0.8333333333333334,0.9090909090909091,0.0,0,13.6,94.2,17.8,235.7,236.4,22797.5,58.6,9051.5,9163.2,"{'timestamp': '2026-09-15T05:33:03.060371+00:00', 'model_version': 'gemma4:latest', 'prompt_hash': 'a6af280e'}"
0,3,zs-en,29.836620807647705,53.47,0,0,"{""Persons"": [""Dmitry Kovalev""], ""Organizations"": [""El Consejo Europeo"", ""Belneftekhim"", ""UE""], ""Locations"": [""Belarus"", ""Rusia""]}",direct_json,0.6666666666666666,1.0,0.8,0.0,0,9.2,94.2,5.0,236.3,237.9,23316.4,58.6,9051.5,9163.2,"{'timestamp': '2026-09-15T05:33:13.709055+00:00', 'model_version': 'gemma4:latest', 'prompt_hash': 'a6af280e'}"
0,4,zs-en,10.638937711715698,53.41,0,0,"{""Persons"": [""Arthur Chan""], ""Organizations"": [""Securities and Futures Commission (SFC)"", ""Sun Hung Kai Securities""], ""Locations"": []}",direct_json,1.0,0.75,0.8571428571428571,0.0,0,15.7,100.0,35.4,235.0,235.8,21842.6,58.7,9051.5,9163.2,"{'timestamp': '2026-09-15T05:32:54.503042+00:00', 'model_version': 'gemma4:latest', 'prompt_hash': 'a6af280e'}"
0,5,zs-en,77.42458581924438,54.63,0,0,"{""Persons"": [""Maher Al-Assad""], ""Organizations"": [""UK Office of Financial Sanctions Implementation (OFSI)"", ""Barclays Bank""], ""Locations"": [""Syria""]}",direct_json,1.0,0.8,0.888888888888889,0.0,0,8.7,52.5,1.4,237.7,240.6,24645.6,59.1,9051.5,9163.2,"{'timestamp': '2026-09-15T05:34:11.943891+00:00', 'model_version': 'gemma4:latest', 'prompt_hash': 'a6af280e'}"
2,11,zs-en,20.741808891296387,54.89,0,0,"{""Persons"": [""Lisa O. Monaco"", ""Ilya Lichtenstein"", ""Heather Morgan""], ""Organizations"": [""Bitfinex""], ""Locations"": []}",direct_json,1.0,1.0,1.0,0.0,0,9.9,94.2,2.6,235.8,236.4,22904.6,58.6,9051.5,9163.2,"{'timestamp': '2026-09-15T05:33:04.615767+00:00', 'model_version': 'gemma4:latest', 'prompt_hash': 'a6af280e'}"
2,12,zs-en,83.53420805931091,53.41,0,0,"{""Persons"": [""Thomas Borgen""], ""Organizations"": [""La Fiscalía Estatal para Delitos Económicos Graves e Internacionales de Denmark"", ""Danske Bank""], ""Locations"": [""Denmark"", ""Estonian""]}",direct_json,0.4,1.0,0.5714285714285715,0.0,0,8.9,94.2,3.0,237.3,237.9,24259.4,59.0,9051.5,9163.2,"{'timestamp': '2026-09-15T05:34:07.398651+00:00', 'model_version': 'gemma4:latest', 'prompt_hash': 'a6af280e'}"
2,13,zs-en,84.53343105316162,54.45,0,0,"{""Persons"": [""Mutassim Gaddafi"", ""Muammar Gaddafi""], ""Organizations"": [""Bank of Valletta""], ""Locations"": [""Malta""]}",direct_json,1.0,1.0,1.0,0.0,0,10.3,94.2,2.1,237.3,237.9,24270.6,59.0,9051.5,9163.2,"{'timestamp': '2026-09-15T05:34:08.402474+00:00', 'model_version': 'gemma4:latest', 'prompt_hash': 'a6af280e'}"
2,14,zs-en,52.093475103378296,54.68,0,0,"{""Persons"": [""Willy Ngoma""], ""Organizations"": [""Consejo de Seguridad de las Naciones Unidas"", ""M23""], ""Locations"": [""Democratic Republic of Congo""]}",direct_json,0.75,0.75,0.75,0.0,0,10.2,94.2,1.2,237.0,237.9,23838.9,58.8,9051.5,9163.2,"{'timestamp': '2026-09-15T05:33:35.963306+00:00', 'model_version': 'gemma4:latest', 'prompt_hash': 'a6af280e'}"
2,15,zs-en,68.38963198661804,54.3,0,0,"{""Persons"": [""Evelin Banev""], ""Organizations"": [""Credit Suisse Group AG"", ""Swiss Federal Criminal Court""], ""Locations"": []}",direct_json,1.0,1.0,1.0,0.0,0,8.5,100.0,1.4,238.0,243.4,24746.1,59.2,9051.5,9163.2,"{'timestamp': '2026-09-15T05:34:13.023167+00:00', 'model_version': 'gemma4:latest', 'prompt_hash': 'a6af280e'}"
1,6,zs-en,85.52894496917725,55.03,0,0,"{""Persons"": [""Cyril Ramaphosa""], ""Organizations"": [""Financial Action Task Force"", ""Standard Bank""], ""Locations"": [""South Africa"", ""Zimbabwe""]}",direct_json,1.0,0.8333333333333334,0.9090909090909091,0.0,0,11.9,94.2,4.1,237.3,237.9,24280.6,59.0,9051.5,9163.2,"{'timestamp': '2026-09-15T05:34:09.394114+00:00', 'model_version': 'gemma4:latest', 'prompt_hash': 'a6af280e'}"
1,7,zs-en,74.89647483825684,53.4,0,0,"{""Persons"": [""Marc Dufour""], ""Organizations"": [""SEC"", ""ABB Ltd""], ""Locations"": [""South Africa""]}",direct_json,1.0,1.0,1.0,0.0,0,8.6,94.2,5.5,237.3,237.9,24150.8,58.9,9051.5,9163.2,"{'timestamp': '2026-09-15T05:33:58.763374+00:00', 'model_version': 'gemma4:latest', 'prompt_hash': 'a6af280e'}"
1,8,zs-en,51.08062505722046,53.38,0,0,"{""Persons"": [""Nicolas Maduro Guerra""], ""Organizations"": [""OFAC"", ""Departamento del Tesoro de los Estados Unidos"", ""PDVSA""], ""Locations"": [""Estados Unidos"", ""Switzerland"", ""Panama""]}",direct_json,0.7142857142857143,1.0,0.8333333333333333,0.0,0,12.0,94.2,7.6,237.0,237.9,23824.0,58.8,9051.5,9163.2,"{'timestamp': '2026-09-15T05:33:34.951124+00:00', 'model_version': 'gemma4:latest', 'prompt_hash': 'a6af280e'}"
1,9,zs-en,21.743825912475586,55.5,0,0,"{""Persons"": [""Christian Sewing""], ""Organizations"": [""BaFin"", ""Deutsche Bank""], ""Locations"": [""Alemania""]}",direct_json,1.0,1.0,1.0,0.0,0,11.1,94.2,11.5,235.8,237.1,22961.0,58.6,9051.5,9163.2,"{'timestamp': '2026-09-15T05:33:05.614753+00:00', 'model_version': 'gemma4:latest', 'prompt_hash': 'a6af280e'}"
1,10,zs-en,78.93947529792786,53.33,0,0,"{
""Persons"": [
""Georgios Pavlidis""
],
""Organizations"": [
""Justice Department"",
""Suez Rajan Ltd""
],
""Locations"": []
}",direct_json,1.0,1.0,1.0,0.0,0,8.9,27.4,1.2,238.7,243.4,24810.7,59.2,9051.5,9163.2,"{'timestamp': '2026-09-15T05:34:24.564259+00:00', 'model_version': 'gemma4:latest', 'prompt_hash': 'a6af280e'}"
4,21,zs-en,17.25528597831726,55.05,0,0,"{""Persons"": [""Mahmoud Bahmani""], ""Organizations"": [""New York Department of Financial Services"", ""Standard Chartered Bank"", ""Central Bank of Iran""], ""Locations"": []}",direct_json,1.0,0.5714285714285714,0.7272727272727273,0.0,0,9.4,24.1,5.3,243.1,243.6,25132.0,59.4,9051.5,9163.2,"{'timestamp': '2026-09-15T05:34:28.266075+00:00', 'model_version': 'gemma4:latest', 'prompt_hash': 'a6af280e'}"
4,22,zs-en,14.690530061721802,54.64,0,0,"{""Persons"": [""Jho Low""], ""Organizations"": [""DOJ"", ""Goldman Sachs Group Inc""], ""Locations"": []}",direct_json,1.0,0.75,0.8571428571428571,0.0,0,10.4,24.1,4.5,243.1,243.4,25135.8,59.5,9051.5,9163.2,"{'timestamp': '2026-09-15T05:34:25.700822+00:00', 'model_version': 'gemma4:latest', 'prompt_hash': 'a6af280e'}"
4,23,zs-en,16.207926034927368,54.11,0,0,"{""Persons"": [""Erik Thedeen""], ""Organizations"": [""Finansinspektionen"", ""Skandinaviska Enskilda Banken (SEB)""], ""Locations"": [""Suecia""]}",direct_json,0.75,0.75,0.75,0.0,0,11.2,36.1,3.2,243.1,243.6,25130.9,59.4,9051.5,9163.2,"{'timestamp': '2026-09-15T05:34:27.219531+00:00', 'model_version': 'gemma4:latest', 'prompt_hash': 'a6af280e'}"
4,24,zs-en,18.26422095298767,54.79,0,0,"{""Persons"": [""Timur Kulibaev""], ""Organizations"": [""National Bank of Kazakhstan"", ""Eurasian Bank""], ""Locations"": []}",direct_json,1.0,0.75,0.8571428571428571,0.0,0,9.4,24.1,3.6,243.2,243.6,25132.4,59.4,9051.5,9163.2,"{'timestamp': '2026-09-15T05:34:29.272208+00:00', 'model_version': 'gemma4:latest', 'prompt_hash': 'a6af280e'}"
4,25,zs-en,20.74742603302002,54.51,0,0,"{""Persons"": [""Jane Watson""], ""Organizations"": [""Financial Conduct Authority"", ""Royal Bank of Scotland"", ""FCA"", ""RBS"", ""OFAC""], ""Locations"": []}",direct_json,1.0,1.0,1.0,0.0,0,8.6,18.3,3.2,243.9,244.1,25255.7,59.6,9051.5,9163.2,"{'timestamp': '2026-09-15T05:34:46.463228+00:00', 'model_version': 'gemma4:latest', 'prompt_hash': 'a6af280e'}"
5,26,zs-en,32.413896799087524,53.44,0,0,"{""Persons"": [""Najib Razak""], ""Organizations"": [""SRC International"", ""1MDB""], ""Locations"": []}",direct_json,1.0,1.0,1.0,0.0,0,11.0,54.5,6.7,243.6,244.1,25205.0,59.5,9051.5,9163.2,"{'timestamp': '2026-09-15T05:34:44.373581+00:00', 'model_version': 'gemma4:latest', 'prompt_hash': 'a6af280e'}"
5,27,zs-en,23.280314207077026,53.46,0,0,"{""Persons"": [""Jian Liu""], ""Organizations"": [""SEC"", ""Luckin Coffee Inc""], ""Locations"": []}",direct_json,1.0,1.0,1.0,0.0,0,13.5,55.2,3.2,243.4,243.6,25159.6,59.5,9051.5,9163.2,"{'timestamp': '2026-09-15T05:34:35.246117+00:00', 'model_version': 'gemma4:latest', 'prompt_hash': 'a6af280e'}"
5,28,zs-en,33.382266998291016,55.05,0,0,"{""Persons"": [""Brian Hartzer""], ""Organizations"": [""Australian Transaction Reports and Analysis Centre"", ""Westpac Banking Corporation""], ""Locations"": []}",direct_json,1.0,0.75,0.8571428571428571,0.0,0,10.5,25.5,4.4,243.6,244.1,25207.6,59.5,9051.5,9163.2,"{'timestamp': '2026-09-15T05:34:45.349176+00:00', 'model_version': 'gemma4:latest', 'prompt_hash': 'a6af280e'}"
5,29,zs-en,24.292887926101685,55.09,0,0,"{""Persons"": [""Jacob Aarup-Andersen""], ""Organizations"": [""Danske Bank"", ""La policía de Copenhagen""], ""Locations"": [""Copenhagen""]}",direct_json,0.5,1.0,0.6666666666666666,0.0,0,13.1,64.9,3.9,243.4,244.1,25158.7,59.5,9051.5,9163.2,"{'timestamp': '2026-09-15T05:34:36.257727+00:00', 'model_version': 'gemma4:latest', 'prompt_hash': 'a6af280e'}"
5,30,zs-en,12.145671844482422,55.17,0,0,"{""Persons"": [""Susan Mauldin""], ""Organizations"": [""Federal Trade Commission (FTC)"", ""Equifax Inc""], ""Locations"": []}",direct_json,1.0,0.75,0.8571428571428571,0.0,0,10.9,19.2,2.8,244.1,244.1,25296.6,59.6,9051.5,9163.2,"{'timestamp': '2026-09-15T05:34:47.405724+00:00', 'model_version': 'gemma4:latest', 'prompt_hash': 'a6af280e'}"
1,6,zs-es,104.80588698387146,53.28,0,0,"{""Persons"": [""Cyril Ramaphosa""], ""Organizations"": [""Financial Action Task Force (FATF)"", ""Standard Bank""], ""Locations"": [""South Africa"", ""Zimbabwe""]}",direct_json,1.0,0.8333333333333334,0.9090909090909091,0.0,0,7.7,94.6,2.8,256.5,256.6,25870.5,60.7,9051.5,9163.2,"{'timestamp': '2026-09-15T05:36:32.244263+00:00', 'model_version': 'gemma4:latest', 'prompt_hash': 'fb427b98'}"
1,7,zs-es,9.62253713607788,53.28,0,0,"{""Persons"": [""Marc Dufour""], ""Organizations"": [""SEC"", ""ABB Ltd""], ""Locations"": [""South Africa""]}",direct_json,1.0,1.0,1.0,0.0,0,11.8,94.6,36.1,256.2,256.4,25453.2,59.9,9051.5,9163.2,"{'timestamp': '2026-09-15T05:34:57.053598+00:00', 'model_version': 'gemma4:latest', 'prompt_hash': 'fb427b98'}"
1,8,zs-es,132.5581398010254,53.1,0,0,"{
""Persons"": [
""Nicolas Maduro Guerra""
],
""Organizations"": [
""OFAC"",
""Departamento del Tesoro de los Estados Unidos"",
""PDVSA""
],
""Locations"": [
""Estados Unidos"",
""Switzerland"",
""Panama""
]
}",direct_json,0.7142857142857143,1.0,0.8333333333333333,0.0,0,11.9,94.6,2.4,256.4,256.6,25961.4,60.7,9051.5,9163.2,"{'timestamp': '2026-09-15T05:36:59.992590+00:00', 'model_version': 'gemma4:latest', 'prompt_hash': 'fb427b98'}"
1,9,zs-es,61.80103397369385,53.4,0,0,"{
""Persons"": [
""Christian Sewing""
],
""Organizations"": [
""BaFin"",
""Deutsche Bank""
],
""Locations"": [
""Alemania""
]
}",direct_json,1.0,1.0,1.0,0.0,0,6.8,94.6,1.5,256.4,256.5,25753.2,60.5,9051.5,9163.2,"{'timestamp': '2026-09-15T05:35:49.242941+00:00', 'model_version': 'gemma4:latest', 'prompt_hash': 'fb427b98'}"
1,10,zs-es,156.33776307106018,52.94,0,0,"{
""Persons"": [
""Georgios Pavlidis""
],
""Organizations"": [
""Justice Department"",
""Suez Rajan Ltd."",
""Suez Rajan""
],
""Locations"": []
}",direct_json,0.75,1.0,0.8571428571428571,0.0,0,10.3,100.0,0.8,256.4,256.6,26148.8,60.8,9051.5,9163.2,"{'timestamp': '2026-09-15T05:37:33.402554+00:00', 'model_version': 'gemma4:latest', 'prompt_hash': 'fb427b98'}"
0,1,zs-es,79.98363518714905,53.28,0,0,"{
""Persons"": [
""Alexey Shevchenko""
],
""Organizations"": [
""OFAC del Departamento del Tesoro de los EE. UU."",
""Al-Sahra Electronics""
],
""Locations"": [
""Dubai"",
""Estados Unidos"",
""Rusia"",
""EAU""
]
}",direct_json,0.8571428571428571,0.75,0.7999999999999999,0.0,0,8.1,94.6,1.7,256.4,256.6,25809.2,60.6,9051.5,9163.2,"{'timestamp': '2026-09-15T05:36:07.433350+00:00', 'model_version': 'gemma4:latest', 'prompt_hash': 'fb427b98'}"
0,2,zs-es,28.329336881637573,53.31,0,0,"{""Persons"": [""Kenneth A. Polite Jr."", ""Stephen Murphy""], ""Organizations"": [""HSBC"", ""Sinaloa Cartel""], ""Locations"": [""New York""]}",direct_json,1.0,0.8333333333333334,0.9090909090909091,0.0,0,10.0,94.6,7.1,256.4,256.4,25684.4,60.4,9051.5,9163.2,"{'timestamp': '2026-09-15T05:35:15.771088+00:00', 'model_version': 'gemma4:latest', 'prompt_hash': 'fb427b98'}"
0,3,zs-es,19.772829055786133,53.26,0,0,"{""Persons"": [""Dmitry Kovalev""], ""Organizations"": [""Consejo Europeo"", ""Belneftekhim"", ""UE""], ""Locations"": [""Belarus"", ""Rusia""]}",direct_json,0.6666666666666666,1.0,0.8,0.0,0,8.2,94.6,3.2,256.4,256.4,25631.9,60.3,9051.5,9163.2,"{'timestamp': '2026-09-15T05:35:07.216175+00:00', 'model_version': 'gemma4:latest', 'prompt_hash': 'fb427b98'}"
0,4,zs-es,69.39471220970154,53.31,0,0,"{""Persons"": [""Arthur Chan""], ""Organizations"": [""Securities and Futures Commission"", ""SFC"", ""Sun Hung Kai Securities""], ""Locations"": []}",direct_json,1.0,1.0,1.0,0.0,0,6.5,94.6,1.7,256.4,256.5,25766.9,60.5,9051.5,9163.2,"{'timestamp': '2026-09-15T05:35:56.841337+00:00', 'model_version': 'gemma4:latest', 'prompt_hash': 'fb427b98'}"
0,5,zs-es,153.8547339439392,53.26,0,0,"{""Persons"": [""Maher Al-Assad""], ""Organizations"": [""UK Office of Financial Sanctions Implementation (OFSI)"", ""Barclays Bank""], ""Locations"": [""Syria""]}",direct_json,1.0,0.8,0.888888888888889,0.0,0,8.1,61.5,0.5,256.4,256.6,26200.2,60.9,9051.5,9163.2,"{'timestamp': '2026-09-15T05:37:41.086855+00:00', 'model_version': 'gemma4:latest', 'prompt_hash': 'fb427b98'}"
2,11,zs-es,97.22631120681763,53.43,0,0,"{
""Persons"": [
""Lisa O. Monaco"",
""Ilya Lichtenstein"",
""Heather Morgan""
],
""Organizations"": [
""Bitfinex""
],
""Locations"": []
}",direct_json,1.0,1.0,1.0,0.0,0,6.7,94.6,0.9,256.5,256.6,25855.4,60.7,9051.5,9163.2,"{'timestamp': '2026-09-15T05:36:24.683483+00:00', 'model_version': 'gemma4:latest', 'prompt_hash': 'fb427b98'}"
2,12,zs-es,43.54531192779541,52.94,0,0,"{
""Persons"": [
""Thomas Borgen""
],
""Organizations"": [
""La Fiscalía Estatal para Delitos Económicos Graves e Internacionales de Denmark"",
""Danske Bank""
],
""Locations"": [
""Denmark""
]
}",direct_json,0.5,1.0,0.6666666666666666,0.0,0,8.4,94.6,1.7,256.4,256.4,25721.0,60.5,9051.5,9163.2,"{'timestamp': '2026-09-15T05:35:30.985675+00:00', 'model_version': 'gemma4:latest', 'prompt_hash': 'fb427b98'}"
2,13,zs-es,89.09535884857178,53.45,0,0,"{""Persons"": [""Mutassim Gaddafi"", ""Muammar Gaddafi""], ""Organizations"": [""Bank of Valletta""], ""Locations"": [""Malta""]}",direct_json,1.0,1.0,1.0,0.0,0,7.9,94.6,1.6,256.4,256.6,25833.5,60.6,9051.5,9163.2,"{'timestamp': '2026-09-15T05:36:16.540974+00:00', 'model_version': 'gemma4:latest', 'prompt_hash': 'fb427b98'}"
2,14,zs-es,120.3934268951416,51.91,0,0,"{""Persons"": [""Willy Ngoma""], ""Organizations"": [""Consejo de Seguridad de las Naciones Unidas"", ""M23""], ""Locations"": [""Democratic Republic of Congo""]}",direct_json,0.75,0.75,0.75,0.0,0,12.4,94.6,1.1,256.5,256.6,25902.5,60.7,9051.5,9163.2,"{'timestamp': '2026-09-15T05:36:47.833083+00:00', 'model_version': 'gemma4:latest', 'prompt_hash': 'fb427b98'}"
2,15,zs-es,138.72110986709595,52.99,0,0,"{
""Persons"": [
""Evelin Banev""
],
""Organizations"": [
""Swiss Federal Criminal Court"",
""Credit Suisse Group AG""
],
""Locations"": [
""Swiss"",
""búlgara""
]
}",direct_json,0.6,1.0,0.7499999999999999,0.0,0,7.8,62.0,0.9,256.5,256.6,26299.1,60.9,9051.5,9163.2,"{'timestamp': '2026-09-15T05:37:49.721320+00:00', 'model_version': 'gemma4:latest', 'prompt_hash': 'fb427b98'}"
3,16,zs-es,112.89322519302368,53.35,0,0,"{""Persons"": [""Brad Garlinghouse"", ""Christian Larsen""], ""Organizations"": [""SEC"", ""Ripple Labs Inc""], ""Locations"": []}",direct_json,1.0,1.0,1.0,0.0,0,7.7,94.6,1.7,256.5,256.6,25884.2,60.7,9051.5,9163.2,"{'timestamp': '2026-09-15T05:36:40.335086+00:00', 'model_version': 'gemma4:latest', 'prompt_hash': 'fb427b98'}"
3,17,zs-es,51.090506076812744,53.43,0,0,"{""Persons"": [""Lars Machen""], ""Organizations"": [""DOJ"", ""BNP Paribas SA""], ""Locations"": [""Sudan"", ""Iran""]}",direct_json,1.0,1.0,1.0,0.0,0,13.4,100.0,5.0,256.4,256.5,25736.0,60.5,9051.5,9163.2,"{'timestamp': '2026-09-15T05:35:38.529602+00:00', 'model_version': 'gemma4:latest', 'prompt_hash': 'fb427b98'}"
3,18,zs-es,152.39949798583984,53.3,0,0,"{
""Persons"": [
""Sani Abacha""
],
""Organizations"": [
""U.S. Department of Justice"",
""Citibank""
],
""Locations"": []
}",direct_json,1.0,1.0,1.0,0.0,0,7.9,94.6,1.6,256.4,256.6,26056.7,60.8,9051.5,9163.2,"{'timestamp': '2026-09-15T05:37:19.836394+00:00', 'model_version': 'gemma4:latest', 'prompt_hash': 'fb427b98'}"
3,19,zs-es,141.28361105918884,53.39,0,0,"{
""Persons"": [
""Sarah Johnston""
],
""Organizations"": [
""OFAC"",
""Departamento del Tesoro de los Estados Unidos"",
""Airbnb Inc""
],
""Locations"": [
""Estados Unidos"",
""Cuba""
]
}",direct_json,0.5,1.0,0.6666666666666666,0.0,0,8.5,94.6,1.0,256.5,256.6,26011.6,60.8,9051.5,9163.2,"{'timestamp': '2026-09-15T05:37:08.726997+00:00', 'model_version': 'gemma4:latest', 'prompt_hash': 'fb427b98'}"
3,20,zs-es,140.23350596427917,53.03,0,0,"{""Persons"": [""Denny Chin"", ""Bernard L. Madoff""], ""Organizations"": [""Bernard L. Madoff Investment Securities LLC""], ""Locations"": [""Estados Unidos""]}",direct_json,0.75,1.0,0.8571428571428571,0.0,0,10.0,62.7,0.9,256.5,256.6,26353.3,61.0,9051.5,9163.2,"{'timestamp': '2026-09-15T05:37:58.774854+00:00', 'model_version': 'gemma4:latest', 'prompt_hash': 'fb427b98'}"
4,21,zs-es,35.995012283325195,53.43,0,0,"{
""Persons"": [
""Mahmoud Bahmani""
],
""Organizations"": [
""New York Department of Financial Services (DFS)"",
""Standard Chartered Bank"",
""Central Bank of Iran""
],
""Locations"": [
""New York"",
""iraníes""
]
}",direct_json,0.6666666666666666,0.5714285714285714,0.6153846153846153,0.0,0,9.1,30.6,6.1,256.5,256.6,26751.5,61.2,9051.5,9163.2,"{'timestamp': '2026-09-15T05:38:09.422918+00:00', 'model_version': 'gemma4:latest', 'prompt_hash': 'fb427b98'}"
4,22,zs-es,64.80598402023315,53.25,0,0,"{
""Persons"": [
""Jho Low""
],
""Organizations"": [
""DOJ"",
""Goldman Sachs Group Inc"",
""1MDB""
],
""Locations"": []
}",direct_json,1.0,1.0,1.0,0.0,0,11.2,33.1,1.5,256.4,256.6,26817.4,61.3,9051.5,9163.2,"{'timestamp': '2026-09-15T05:38:38.235544+00:00', 'model_version': 'gemma4:latest', 'prompt_hash': 'fb427b98'}"
4,23,zs-es,53.66757392883301,53.44,0,0,"{
""Persons"": [
""Erik Thedeen""
],
""Organizations"": [
""Finansinspektionen"",
""Skandinaviska Enskilda Banken (SEB)""
],
""Locations"": [
""Suecia""
]
}",direct_json,0.75,0.75,0.75,0.0,0,10.1,37.8,3.5,256.4,256.6,26797.7,61.3,9051.5,9163.2,"{'timestamp': '2026-09-15T05:38:27.093861+00:00', 'model_version': 'gemma4:latest', 'prompt_hash': 'fb427b98'}"
4,24,zs-es,44.05206608772278,53.45,0,0,"{""Persons"": [""Timur Kulibaev""], ""Organizations"": [""National Bank of Kazakhstan"", ""Eurasian Bank""], ""Locations"": [""Kazakhstan""]}",direct_json,1.0,1.0,1.0,0.0,0,11.4,100.0,2.0,256.4,256.6,26772.9,61.2,9051.5,9163.2,"{'timestamp': '2026-09-15T05:38:17.477268+00:00', 'model_version': 'gemma4:latest', 'prompt_hash': 'fb427b98'}"
4,25,zs-es,68.26415801048279,53.39,0,0,"{
""Persons"": [
""Jane Watson""
],
""Organizations"": [
""Financial Conduct Authority (FCA)"",
""Royal Bank of Scotland (RBS)"",
""OFAC""
],
""Locations"": []
}",direct_json,1.0,0.6666666666666666,0.8,0.0,0,12.3,71.8,0.4,256.2,256.3,27008.6,61.8,9051.5,9163.2,"{'timestamp': '2026-09-15T05:39:17.704440+00:00', 'model_version': 'gemma4:latest', 'prompt_hash': 'fb427b98'}"
5,26,zs-es,88.61427617073059,52.52,0,0,"{""Persons"": [""Najib Razak""], ""Organizations"": [""SRC International"", ""1MDB""], ""Locations"": []}",direct_json,1.0,1.0,1.0,0.0,0,9.5,60.2,2.5,256.3,256.6,26901.6,61.6,9051.5,9163.2,"{'timestamp': '2026-09-15T05:39:09.723407+00:00', 'model_version': 'gemma4:latest', 'prompt_hash': 'fb427b98'}"
5,27,zs-es,63.81602907180786,53.34,0,0,"{""Persons"": [""Jian Liu""], ""Organizations"": [""SEC"", ""Luckin Coffee Inc""], ""Locations"": []}",direct_json,1.0,1.0,1.0,0.0,0,8.0,33.2,1.4,256.3,256.6,26845.6,61.4,9051.5,9163.2,"{'timestamp': '2026-09-15T05:38:44.922644+00:00', 'model_version': 'gemma4:latest', 'prompt_hash': 'fb427b98'}"
5,28,zs-es,81.0106999874115,53.16,0,0,"{""Persons"": [""Brian Hartzer""], ""Organizations"": [""Australian Transaction Reports and Analysis Centre (AUSTRAC)"", ""Westpac Banking Corporation""], ""Locations"": []}",direct_json,1.0,0.75,0.8571428571428571,0.0,0,8.9,32.8,2.7,256.3,256.6,26873.0,61.5,9051.5,9163.2,"{'timestamp': '2026-09-15T05:39:02.117037+00:00', 'model_version': 'gemma4:latest', 'prompt_hash': 'fb427b98'}"
5,29,zs-es,73.93912076950073,53.3,0,0,"{""Persons"": [""Jacob Aarup-Andersen""], ""Organizations"": [""Danske Bank""], ""Locations"": [""Copenhagen""]}",direct_json,0.6666666666666666,1.0,0.8,0.0,0,8.9,32.7,2.3,256.3,256.6,26855.3,61.5,9051.5,9163.2,"{'timestamp': '2026-09-15T05:38:55.043745+00:00', 'model_version': 'gemma4:latest', 'prompt_hash': 'fb427b98'}"
5,30,zs-es,39.03362703323364,53.4,0,0,"{""Persons"": [""Susan Mauldin""], ""Organizations"": [""Federal Trade Commission (FTC)"", ""Equifax Inc""], ""Locations"": []}",direct_json,1.0,0.75,0.8571428571428571,0.0,0,10.8,61.5,1.7,256.1,256.2,27146.2,62.0,9051.5,9163.2,"{'timestamp': '2026-09-15T05:39:23.971803+00:00', 'model_version': 'gemma4:latest', 'prompt_hash': 'fb427b98'}"
0,1,fs-es,235.43304800987244,53.1,0,0,"```json
{
  ""Persons"": [
    ""Alexey Shevchenko""
  ],
  ""Organizations"": [
    ""OFAC del Departamento del Tesoro de los EE. UU."",
    ""Departamento del Tesoro"",
    ""Al-Sahra Electronics""
  ],
  ""Locations"": [
    ""EE. UU."",
    ""Rusia"",
    ""Dubai"",
    ""Estados Unidos"",
    ""EAU""
  ]
}
```",codeblock,0.7777777777777778,0.875,0.823529411764706,0.0,0,7.4,93.8,0.8,139.9,257.0,30107.7,75.6,9051.5,9163.2,"{'timestamp': '2026-09-15T05:43:19.457096+00:00', 'model_version': 'gemma4:latest', 'prompt_hash': 'aa83fa9c'}"
0,2,fs-es,174.85436487197876,41.17,0,0,"```json
{
  ""Persons"": [
    ""Kenneth A. Polite Jr."",
    ""Stephen Murphy""
  ],
  ""Organizations"": [
    ""HSBC"",
    ""Sinaloa Cartel""
  ],
  ""Locations"": [
    ""New York""
  ]
}
```",codeblock,1.0,0.8333333333333334,0.9090909090909091,0.0,0,6.9,93.8,0.9,160.6,257.0,30650.1,75.0,9051.5,9163.2,"{'timestamp': '2026-09-15T05:42:18.869237+00:00', 'model_version': 'gemma4:latest', 'prompt_hash': 'aa83fa9c'}"
0,3,fs-es,9.13384222984314,53.44,0,0,"```json
{
  ""Persons"": [
    ""Dmitry Kovalev""
  ],
  ""Organizations"": [
    ""Consejo Europeo"",
    ""Belneftekhim"",
    ""UE""
  ],
  ""Locations"": [
    ""Belarus"",
    ""Rusia""
  ]
}
```",codeblock,0.6666666666666666,1.0,0.8,0.0,0,11.9,93.8,9.9,257.0,257.0,27270.7,62.1,9051.5,9163.2,"{'timestamp': '2026-09-15T05:39:33.153566+00:00', 'model_version': 'gemma4:latest', 'prompt_hash': 'aa83fa9c'}"
0,4,fs-es,64.39457702636719,50.67,0,0,"```json
{
  ""Persons"": [
    ""Arthur Chan""
  ],
  ""Organizations"": [
    ""Securities and Futures Commission"",
    ""SFC"",
    ""Sun Hung Kai Securities""
  ],
  ""Locations"": []
}
```",codeblock,1.0,1.0,1.0,0.0,0,7.1,93.8,1.9,251.8,257.0,27443.4,62.9,9051.5,9163.2,"{'timestamp': '2026-09-15T05:40:28.413646+00:00', 'model_version': 'gemma4:latest', 'prompt_hash': 'aa83fa9c'}"
0,5,fs-es,234.9476809501648,53.12,0,0,"```json
{
  ""Persons"": [
    ""Maher Al-Assad""
  ],
  ""Organizations"": [
    ""UK Office of Financial Sanctions Implementation"",
    ""OFSI"",
    ""Barclays Bank""
  ],
  ""Locations"": [
    ""Syria""
  ]
}
```",codeblock,1.0,1.0,1.0,0.0,0,7.5,33.0,0.7,133.2,257.0,30106.2,76.2,9051.5,9163.2,"{'timestamp': '2026-09-15T05:43:28.114297+00:00', 'model_version': 'gemma4:latest', 'prompt_hash': 'aa83fa9c'}"
1,6,fs-es,26.822964191436768,53.38,0,0,"```json
{
  ""Persons"": [
    ""Cyril Ramaphosa""
  ],
  ""Organizations"": [
    ""Financial Action Task Force (FATF)"",
    ""Standard Bank""
  ],
  ""Locations"": [
    ""South Africa"",
    ""Zimbabwe""
  ]
}
```",codeblock,1.0,0.8333333333333334,0.9090909090909091,0.0,0,7.9,93.8,4.5,257.0,257.0,27273.1,62.1,9051.5,9163.2,"{'timestamp': '2026-09-15T05:39:50.838123+00:00', 'model_version': 'gemma4:latest', 'prompt_hash': 'aa83fa9c'}"
1,7,fs-es,207.13680005073547,53.29,0,0,"```json
{
  ""Persons"": [
    ""Marc Dufour""
  ],
  ""Organizations"": [
    ""SEC"",
    ""ABB Ltd""
  ],
  ""Locations"": [
    ""suiza"",
    ""South Africa""
  ]
}
```",codeblock,0.8,1.0,0.888888888888889,0.0,0,9.5,100.0,2.0,148.0,257.0,30477.0,75.7,9051.5,9163.2,"{'timestamp': '2026-09-15T05:42:51.141212+00:00', 'model_version': 'gemma4:latest', 'prompt_hash': 'aa83fa9c'}"
1,8,fs-es,19.72165608406067,53.39,0,0,"```json
{
  ""Persons"": [
    ""Nicolas Maduro Guerra""
  ],
  ""Organizations"": [
    ""OFAC"",
    ""Departamento del Tesoro de los Estados Unidos"",
    ""PDVSA""
  ],
  ""Locations"": [
    ""Estados Unidos"",
    ""Switzerland"",
    ""Panama""
  ]
}
```",codeblock,0.7142857142857143,1.0,0.8333333333333333,0.0,0,11.8,93.8,11.7,257.0,257.0,27274.5,62.1,9051.5,9163.2,"{'timestamp': '2026-09-15T05:39:43.734966+00:00', 'model_version': 'gemma4:latest', 'prompt_hash': 'aa83fa9c'}"
1,9,fs-es,223.255854845047,53.34,0,0,"```json
{
  ""Persons"": [
    ""Christian Sewing""
  ],
  ""Organizations"": [
    ""BaFin"",
    ""Deutsche Bank""
  ],
  ""Locations"": [
    ""Alemania"",
    ""Rusia""
  ]
}
```",codeblock,0.8,1.0,0.888888888888889,0.2,1,9.5,93.8,0.9,143.2,257.0,30254.0,75.6,9051.5,9163.2,"{'timestamp': '2026-09-15T05:43:07.266453+00:00', 'model_version': 'gemma4:latest', 'prompt_hash': 'aa83fa9c'}"
1,10,fs-es,235.88816785812378,53.26,0,0,"```json
{
  ""Persons"": [
    ""Georgios Pavlidis""
  ],
  ""Organizations"": [
    ""Justice Department"",
    ""Suez Rajan Ltd""
  ],
  ""Locations"": [
    ""Iran""
  ]
}
```",codeblock,0.75,1.0,0.8571428571428571,0.0,0,10.1,45.5,0.7,125.9,257.0,29897.4,77.2,9051.5,9163.2,"{'timestamp': '2026-09-15T05:43:39.636722+00:00', 'model_version': 'gemma4:latest', 'prompt_hash': 'aa83fa9c'}"
2,11,fs-es,43.015909910202026,53.3,0,0,"```json
{
  ""Persons"": [
    ""Lisa O. Monaco"",
    ""Ilya Lichtenstein"",
    ""Heather Morgan""
  ],
  ""Organizations"": [
    ""Bitfinex""
  ],
  ""Locations"": []
}
```",codeblock,1.0,1.0,1.0,0.0,0,12.4,100.0,8.1,257.0,257.0,27359.4,62.3,9051.5,9163.2,"{'timestamp': '2026-09-15T05:40:07.018498+00:00', 'model_version': 'gemma4:latest', 'prompt_hash': 'aa83fa9c'}"
2,12,fs-es,197.8721363544464,53.35,0,0,"```json
{
  ""Persons"": [
    ""Thomas Borgen""
  ],
  ""Organizations"": [
    ""Fiscalía Estatal para Delitos Económicos Graves e Internacionales de Denmark"",
    ""Danske Bank""
  ],
  ""Locations"": [
    ""Denmark"",
    ""Estonian""
  ]
}
```",codeblock,0.4,1.0,0.5714285714285715,0.0,0,12.6,93.8,0.8,151.1,257.0,30625.3,75.7,9051.5,9163.2,"{'timestamp': '2026-09-15T05:42:41.882515+00:00', 'model_version': 'gemma4:latest', 'prompt_hash': 'aa83fa9c'}"
2,13,fs-es,54.6531400680542,53.36,0,0,"```json
{
  ""Persons"": [
    ""Mutassim Gaddafi"",
    ""Muammar Gaddafi""
  ],
  ""Organizations"": [
    ""Bank of Valletta""
  ],
  ""Locations"": [
    ""Malta"",
    ""Libia""
  ]
}
```",codeblock,0.8,1.0,0.888888888888889,0.0,0,9.9,93.8,1.9,256.9,257.0,27388.7,62.3,9051.5,9163.2,"{'timestamp': '2026-09-15T05:40:18.667653+00:00', 'model_version': 'gemma4:latest', 'prompt_hash': 'aa83fa9c'}"
2,14,fs-es,34.91692876815796,53.33,0,0,"```json
{
  ""Persons"": [
    ""Willy Ngoma""
  ],
  ""Organizations"": [
    ""Consejo de Seguridad de las Naciones Unidas"",
    ""M23""
  ],
  ""Locations"": [
    ""Democratic Republic of Congo""
  ]
}
```",codeblock,0.75,0.75,0.75,0.0,0,11.4,100.0,4.1,257.0,257.0,27292.3,62.2,9051.5,9163.2,"{'timestamp': '2026-09-15T05:39:58.927639+00:00', 'model_version': 'gemma4:latest', 'prompt_hash': 'aa83fa9c'}"
2,15,fs-es,231.28421187400818,53.35,0,0,"```json
{
  ""Persons"": [
    ""Evelin Banev""
  ],
  ""Organizations"": [
    ""Swiss Federal Criminal Court"",
    ""Credit Suisse Group AG""
  ],
  ""Locations"": [
    ""Switzerland"",
    ""Bulgaria""
  ]
}
```",codeblock,0.6,1.0,0.7499999999999999,0.2,1,12.2,74.5,0.7,116.0,256.9,29752.2,78.5,9051.5,9163.2,"{'timestamp': '2026-09-15T05:43:50.222594+00:00', 'model_version': 'gemma4:latest', 'prompt_hash': 'aa83fa9c'}"
3,16,fs-es,130.21549606323242,5.46,0,0,"```json
{
  ""Persons"": [
    ""Brad Garlinghouse"",
    ""Christian Larsen""
  ],
  ""Organizations"": [
    ""SEC"",
    ""Ripple Labs Inc""
  ],
  ""Locations"": []
}
```",codeblock,1.0,1.0,1.0,0.0,0,7.2,93.8,2.6,183.1,257.0,30212.7,73.0,9051.5,9163.2,"{'timestamp': '2026-09-15T05:41:34.215699+00:00', 'model_version': 'gemma4:latest', 'prompt_hash': 'aa83fa9c'}"
3,17,fs-es,188.8176121711731,28.09,0,0,"```json
{
  ""Persons"": [
    ""Lars Machen""
  ],
  ""Organizations"": [
    ""DOJ"",
    ""BNP Paribas SA""
  ],
  ""Locations"": [
    ""Sudan"",
    ""Iran""
  ]
}
```",codeblock,1.0,1.0,1.0,0.0,0,11.1,100.0,1.6,154.6,257.0,30748.8,75.6,9051.5,9163.2,"{'timestamp': '2026-09-15T05:42:32.824050+00:00', 'model_version': 'gemma4:latest', 'prompt_hash': 'aa83fa9c'}"
3,18,fs-es,214.62407612800598,53.28,0,0,"```json
{
  ""Persons"": [
    ""Sani Abacha""
  ],
  ""Organizations"": [
    ""U.S. Department of Justice"",
    ""Citibank""
  ],
  ""Locations"": [
    ""Nigeria""
  ]
}
```",codeblock,0.75,1.0,0.8571428571428571,0.0,0,10.4,100.0,0.7,145.7,257.0,30367.5,75.7,9051.5,9163.2,"{'timestamp': '2026-09-15T05:42:58.631426+00:00', 'model_version': 'gemma4:latest', 'prompt_hash': 'aa83fa9c'}"
3,19,fs-es,163.03996992111206,18.0,0,0,"```json
{
  ""Persons"": [
    ""Sarah Johnston""
  ],
  ""Organizations"": [
    ""OFAC"",
    ""Departamento del Tesoro de los Estados Unidos"",
    ""Airbnb Inc""
  ],
  ""Locations"": [
    ""Estados Unidos"",
    ""Cuba""
  ]
}
```",codeblock,0.5,1.0,0.6666666666666666,0.0,0,8.1,93.9,2.9,165.3,257.0,30672.4,74.9,9051.5,9163.2,"{'timestamp': '2026-09-15T05:42:07.038456+00:00', 'model_version': 'gemma4:latest', 'prompt_hash': 'aa83fa9c'}"
3,20,fs-es,144.8618679046631,53.18,0,0,"```json
{
  ""Persons"": [
    ""Denny Chin"",
    ""Bernard L. Madoff""
  ],
  ""Organizations"": [
    ""Bernard L. Madoff Investment Securities LLC""
  ],
  ""Locations"": [
    ""Estados Unidos""
  ]
}
```",codeblock,0.75,1.0,0.8571428571428571,0.0,0,7.9,36.9,0.9,89.0,103.7,28346.7,79.8,9051.5,9163.2,"{'timestamp': '2026-09-15T05:43:59.092211+00:00', 'model_version': 'gemma4:latest', 'prompt_hash': 'aa83fa9c'}"
4,21,fs-es,76.89787912368774,53.17,0,0,"```json
{
  ""Persons"": [
    ""Mahmoud Bahmani""
  ],
  ""Organizations"": [
    ""New York Department of Financial Services"",
    ""DFS"",
    ""Standard Chartered Bank"",
    ""Central Bank of Iran""
  ],
  ""Locations"": [
    ""Irán""
  ]
}
```",codeblock,0.8333333333333334,0.7142857142857143,0.7692307692307692,0.16666666666666666,1,12.9,50.0,1.6,97.8,103.7,23004.7,84.3,9051.5,9163.2,"{'timestamp': '2026-09-15T05:44:45.043754+00:00', 'model_version': 'gemma4:latest', 'prompt_hash': 'aa83fa9c'}"
4,22,fs-es,66.2853729724884,53.29,0,0,"```json
{
  ""Persons"": [
    ""Jho Low""
  ],
  ""Organizations"": [
    ""DOJ"",
    ""Goldman Sachs Group Inc"",
    ""1MDB""
  ],
  ""Locations"": []
}
```",codeblock,1.0,1.0,1.0,0.0,0,12.0,46.7,2.4,99.6,103.7,23029.3,84.3,9051.5,9163.2,"{'timestamp': '2026-09-15T05:44:34.431600+00:00', 'model_version': 'gemma4:latest', 'prompt_hash': 'aa83fa9c'}"
4,23,fs-es,49.640681982040405,53.24,0,0,"```json
{
  ""Persons"": [
    ""Erik Thedeen""
  ],
  ""Organizations"": [
    ""Finansinspektionen"",
    ""Skandinaviska Enskilda Banken (SEB)""
  ],
  ""Locations"": [
    ""Suecia""
  ]
}
```",codeblock,0.75,0.75,0.75,0.0,0,7.5,36.9,3.7,100.8,103.7,23062.4,84.2,9051.5,9163.2,"{'timestamp': '2026-09-15T05:44:17.780243+00:00', 'model_version': 'gemma4:latest', 'prompt_hash': 'aa83fa9c'}"
4,24,fs-es,57.75521993637085,53.61,0,0,"```json
{
  ""Persons"": [
    ""Timur Kulibaev""
  ],
  ""Organizations"": [
    ""National Bank of Kazakhstan"",
    ""Eurasian Bank""
  ],
  ""Locations"": [
    ""Kazakhstan""
  ]
}
```",codeblock,1.0,1.0,1.0,0.0,0,8.1,36.9,2.0,101.1,103.7,23048.6,84.2,9051.5,9163.2,"{'timestamp': '2026-09-15T05:44:25.897642+00:00', 'model_version': 'gemma4:latest', 'prompt_hash': 'aa83fa9c'}"
4,25,fs-es,40.47025394439697,53.22,0,0,"```json
{
  ""Persons"": [
    ""Jane Watson""
  ],
  ""Organizations"": [
    ""Financial Conduct Authority"",
    ""FCA"",
    ""Royal Bank of Scotland"",
    ""RBS"",
    ""OFAC""
  ],
  ""Locations"": []
}
```",codeblock,1.0,1.0,1.0,0.0,0,9.3,50.0,2.3,100.3,103.7,23101.2,84.1,9051.5,9163.2,"{'timestamp': '2026-09-15T05:44:08.612911+00:00', 'model_version': 'gemma4:latest', 'prompt_hash': 'aa83fa9c'}"
5,26,fs-es,81.49701929092407,53.36,0,0,"```json
{
  ""Persons"": [
    ""Najib Razak""
  ],
  ""Organizations"": [
    ""SRC International"",
    ""1MDB""
  ],
  ""Locations"": []
}
```",codeblock,1.0,1.0,1.0,0.0,0,18.9,75.0,3.1,95.8,103.7,22926.3,84.5,9051.5,9163.2,"{'timestamp': '2026-09-15T05:45:01.163546+00:00', 'model_version': 'gemma4:latest', 'prompt_hash': 'aa83fa9c'}"
5,27,fs-es,88.12498807907104,53.32,0,0,"```json
{
  ""Persons"": [
    ""Jian Liu""
  ],
  ""Organizations"": [
    ""SEC"",
    ""Luckin Coffee Inc""
  ],
  ""Locations"": []
}
```",codeblock,1.0,1.0,1.0,0.0,0,17.1,50.0,1.4,94.9,103.7,22904.7,84.5,9051.5,9163.2,"{'timestamp': '2026-09-15T05:45:07.789698+00:00', 'model_version': 'gemma4:latest', 'prompt_hash': 'aa83fa9c'}"
5,28,fs-es,97.70086789131165,53.3,0,0,"```json
{
  ""Persons"": [
    ""Brian Hartzer""
  ],
  ""Organizations"": [
    ""Australian Transaction Reports and Analysis Centre"",
    ""AUSTRAC"",
    ""Westpac Banking Corporation""
  ],
  ""Locations"": []
}
```",codeblock,1.0,1.0,1.0,0.0,0,18.6,52.2,1.5,93.7,103.7,22886.5,84.5,9051.5,9163.2,"{'timestamp': '2026-09-15T05:45:17.367104+00:00', 'model_version': 'gemma4:latest', 'prompt_hash': 'aa83fa9c'}"
5,29,fs-es,74.42849898338318,53.24,0,0,"```json
{
  ""Persons"": [
    ""Jacob Aarup-Andersen""
  ],
  ""Organizations"": [
    ""Danske Bank"",
    ""policía de Copenhagen""
  ],
  ""Locations"": [
    ""Copenhagen""
  ]
}
```",codeblock,0.5,1.0,0.6666666666666666,0.0,0,18.2,100.0,3.3,96.9,103.7,22941.2,84.4,9051.5,9163.2,"{'timestamp': '2026-09-15T05:44:54.094129+00:00', 'model_version': 'gemma4:latest', 'prompt_hash': 'aa83fa9c'}"
5,30,fs-es,105.31171202659607,53.3,0,0,"```json
{
  ""Persons"": [
    ""Susan Mauldin""
  ],
  ""Organizations"": [
    ""Federal Trade Commission"",
    ""FTC"",
    ""Equifax Inc""
  ],
  ""Locations"": []
}
```",codeblock,1.0,1.0,1.0,0.0,0,17.6,100.0,1.1,92.8,103.7,22874.9,84.6,9051.5,9163.2,"{'timestamp': '2026-09-15T05:45:24.978898+00:00', 'model_version': 'gemma4:latest', 'prompt_hash': 'aa83fa9c'}"
1,6,fs-en,44.54989314079285,53.35,0,0,"```json
{
  ""Persons"": [
    ""Cyril Ramaphosa""
  ],
  ""Organizations"": [
    ""Financial Action Task Force (FATF)"",
    ""Standard Bank""
  ],
  ""Locations"": [
    ""South Africa"",
    ""Zimbabwe""
  ]
}
```",codeblock,1.0,0.8333333333333334,0.9090909090909091,0.0,0,14.4,100.0,7.3,103.3,107.0,22757.4,84.9,9051.5,9163.2,"{'timestamp': '2026-09-15T05:46:09.577609+00:00', 'model_version': 'gemma4:latest', 'prompt_hash': '39903a23'}"
1,7,fs-en,147.30701899528503,53.48,0,0,"```json
{
  ""Persons"": [
    ""Marc Dufour""
  ],
  ""Organizations"": [
    ""SEC"",
    ""ABB Ltd""
  ],
  ""Locations"": [
    ""suiza"",
    ""South Africa""
  ]
}
```",codeblock,0.8,1.0,0.888888888888889,0.0,0,10.2,85.7,2.1,88.2,107.0,22726.7,85.0,9051.5,9163.2,"{'timestamp': '2026-09-15T05:47:52.346653+00:00', 'model_version': 'gemma4:latest', 'prompt_hash': '39903a23'}"
1,8,fs-en,139.16205739974976,53.29,0,0,"```json
{
  ""Persons"": [
    ""Nicolas Maduro Guerra""
  ],
  ""Organizations"": [
    ""OFAC"",
    ""Departamento del Tesoro de los Estados Unidos"",
    ""PDVSA""
  ],
  ""Locations"": [
    ""Estados Unidos"",
    ""Switzerland"",
    ""Panama""
  ]
}
```",codeblock,0.7142857142857143,1.0,0.8333333333333333,0.0,0,12.3,100.0,1.9,88.6,107.0,22742.0,85.0,9051.5,9163.2,"{'timestamp': '2026-09-15T05:47:44.204229+00:00', 'model_version': 'gemma4:latest', 'prompt_hash': '39903a23'}"
1,9,fs-en,59.73150300979614,53.34,0,0,"```json
{
  ""Persons"": [
    ""Christian Sewing""
  ],
  ""Organizations"": [
    ""BaFin"",
    ""Deutsche Bank""
  ],
  ""Locations"": [
    ""Alemania"",
    ""Rusia""
  ]
}
```",codeblock,0.8,1.0,0.888888888888889,0.2,1,7.7,81.0,4.2,97.9,107.0,22767.0,84.9,9051.5,9163.2,"{'timestamp': '2026-09-15T05:46:24.767756+00:00', 'model_version': 'gemma4:latest', 'prompt_hash': '39903a23'}"
1,10,fs-en,70.89283514022827,53.32,0,0,"```json
{
  ""Persons"": [
    ""Georgios Pavlidis""
  ],
  ""Organizations"": [
    ""Justice Department"",
    ""Suez Rajan Ltd""
  ],
  ""Locations"": [
    ""Iran"",
    ""Greece""
  ]
}
```",codeblock,0.6,1.0,0.7499999999999999,0.2,1,9.4,100.0,2.7,95.5,107.0,22762.5,84.9,9051.5,9163.2,"{'timestamp': '2026-09-15T05:46:35.930916+00:00', 'model_version': 'gemma4:latest', 'prompt_hash': '39903a23'}"
3,16,fs-en,180.27869081497192,53.54,0,0,"```json
{
  ""Persons"": [
    ""Brad Garlinghouse"",
    ""Christian Larsen""
  ],
  ""Organizations"": [
    ""SEC"",
    ""Ripple Labs Inc""
  ],
  ""Locations"": []
}
```",codeblock,1.0,1.0,1.0,0.0,0,8.4,100.0,2.7,90.9,107.0,22661.4,85.1,9051.5,9163.2,"{'timestamp': '2026-09-15T05:48:25.290537+00:00', 'model_version': 'gemma4:latest', 'prompt_hash': '39903a23'}"
3,17,fs-en,109.8837251663208,53.38,0,0,"```json
{
  ""Persons"": [
    ""Lars Machen""
  ],
  ""Organizations"": [
    ""DOJ"",
    ""BNP Paribas SA""
  ],
  ""Locations"": [
    ""Sudan"",
    ""Iran""
  ]
}
```",codeblock,1.0,1.0,1.0,0.0,0,10.4,100.0,3.5,90.5,107.0,22764.9,84.9,9051.5,9163.2,"{'timestamp': '2026-09-15T05:47:14.910362+00:00', 'model_version': 'gemma4:latest', 'prompt_hash': '39903a23'}"
3,18,fs-en,174.14366579055786,53.4,0,0,"```json
{
  ""Persons"": [
    ""Sani Abacha""
  ],
  ""Organizations"": [
    ""U.S. Department of Justice"",
    ""Citibank""
  ],
  ""Locations"": [
    ""Nigeria""
  ]
}
```",codeblock,0.75,1.0,0.8571428571428571,0.0,0,8.5,100.0,2.7,90.5,107.0,22674.8,85.1,9051.5,9163.2,"{'timestamp': '2026-09-15T05:48:19.167375+00:00', 'model_version': 'gemma4:latest', 'prompt_hash': '39903a23'}"
3,19,fs-en,93.18659090995789,53.05,0,0,"```json
{
  ""Persons"": [
    ""Sarah Johnston""
  ],
  ""Organizations"": [
    ""OFAC"",
    ""Departamento del Tesoro"",
    ""Airbnb Inc.""
  ],
  ""Locations"": [
    ""Estados Unidos"",
    ""Cuba""
  ]
}
```",codeblock,0.5,1.0,0.6666666666666666,0.0,0,9.1,100.0,3.0,92.2,107.0,22763.5,84.9,9051.5,9163.2,"{'timestamp': '2026-09-15T05:46:58.208321+00:00', 'model_version': 'gemma4:latest', 'prompt_hash': '39903a23'}"
3,20,fs-en,165.53950476646423,53.24,0,0,"```json
{
  ""Persons"": [
    ""Denny Chin"",
    ""Bernard L. Madoff""
  ],
  ""Organizations"": [
    ""Bernard L. Madoff Investment Securities LLC""
  ],
  ""Locations"": [
    ""Estados Unidos""
  ]
}
```",codeblock,0.75,1.0,0.8571428571428571,0.0,0,9.6,100.0,2.0,89.8,107.0,22693.2,85.1,9051.5,9163.2,"{'timestamp': '2026-09-15T05:48:10.553705+00:00', 'model_version': 'gemma4:latest', 'prompt_hash': '39903a23'}"
2,11,fs-en,16.186691761016846,53.26,0,0,"```json
{
  ""Persons"": [
    ""Lisa O. Monaco"",
    ""Ilya Lichtenstein"",
    ""Heather Morgan""
  ],
  ""Organizations"": [
    ""Bitfinex""
  ],
  ""Locations"": []
}
```",codeblock,1.0,1.0,1.0,0.0,0,11.5,83.3,22.6,105.1,107.0,22697.0,84.9,9051.5,9163.2,"{'timestamp': '2026-09-15T05:45:41.214163+00:00', 'model_version': 'gemma4:latest', 'prompt_hash': '39903a23'}"
2,12,fs-en,196.90318489074707,53.35,0,0,"```json
{
  ""Persons"": [
    ""Thomas Borgen""
  ],
  ""Organizations"": [
    ""Fiscalía Estatal para Delitos Económicos Graves e Internacionales de Denmark"",
    ""Danske Bank""
  ],
  ""Locations"": [
    ""Denmark"",
    ""Estonia""
  ]
}
```",codeblock,0.4,1.0,0.5714285714285715,0.0,0,11.0,100.0,1.4,91.1,107.0,22620.3,85.2,9051.5,9163.2,"{'timestamp': '2026-09-15T05:48:41.935415+00:00', 'model_version': 'gemma4:latest', 'prompt_hash': '39903a23'}"
2,13,fs-en,102.27306389808655,53.17,0,0,"```json
{
  ""Persons"": [
    ""Mutassim Gaddafi"",
    ""Muammar Gaddafi""
  ],
  ""Organizations"": [
    ""Bank of Valletta""
  ],
  ""Locations"": [
    ""Malta"",
    ""Libya""
  ]
}
```",codeblock,0.8,1.0,0.888888888888889,0.2,1,9.5,100.0,2.1,91.2,107.0,22762.9,84.9,9051.5,9163.2,"{'timestamp': '2026-09-15T05:47:07.314356+00:00', 'model_version': 'gemma4:latest', 'prompt_hash': '39903a23'}"
2,14,fs-en,128.1023097038269,53.22,0,0,"```json
{
  ""Persons"": [
    ""Willy Ngoma""
  ],
  ""Organizations"": [
    ""Consejo de Seguridad de las Naciones Unidas"",
    ""M23""
  ],
  ""Locations"": [
    ""Democratic Republic of Congo""
  ]
}
```",codeblock,0.75,0.75,0.75,0.0,0,7.5,85.7,1.3,89.2,107.0,22758.0,84.9,9051.5,9163.2,"{'timestamp': '2026-09-15T05:47:33.147805+00:00', 'model_version': 'gemma4:latest', 'prompt_hash': '39903a23'}"
2,15,fs-en,157.43994307518005,53.22,0,0,"```json
{
  ""Persons"": [
    ""Evelin Banev""
  ],
  ""Organizations"": [
    ""Swiss Federal Criminal Court"",
    ""Credit Suisse Group AG""
  ],
  ""Locations"": [
    ""Swiss"",
    ""búlgara""
  ]
}
```",codeblock,0.6,1.0,0.7499999999999999,0.0,0,7.7,81.0,1.2,89.1,107.0,22708.2,85.0,9051.5,9163.2,"{'timestamp': '2026-09-15T05:48:02.481941+00:00', 'model_version': 'gemma4:latest', 'prompt_hash': '39903a23'}"
4,21,fs-en,120.01708507537842,53.24,0,0,"```json
{
  ""Persons"": [
    ""Mahmoud Bahmani""
  ],
  ""Organizations"": [
    ""New York Department of Financial Services"",
    ""DFS"",
    ""Standard Chartered Bank"",
    ""Central Bank of Iran""
  ],
  ""Locations"": [
    ""New York"",
    ""Iran""
  ]
}
```",codeblock,1.0,1.0,1.0,0.0,0,7.8,83.3,3.3,89.7,107.0,22764.1,84.9,9051.5,9163.2,"{'timestamp': '2026-09-15T05:47:25.050590+00:00', 'model_version': 'gemma4:latest', 'prompt_hash': '39903a23'}"
4,22,fs-en,25.31131100654602,53.33,0,0,"```json
{
  ""Persons"": [
    ""Jho Low""
  ],
  ""Organizations"": [
    ""DOJ"",
    ""Goldman Sachs Group Inc"",
    ""1MDB""
  ],
  ""Locations"": []
}
```",codeblock,1.0,1.0,1.0,0.0,0,12.4,100.0,12.1,104.7,107.0,22716.0,84.9,9051.5,9163.2,"{'timestamp': '2026-09-15T05:45:50.340240+00:00', 'model_version': 'gemma4:latest', 'prompt_hash': '39903a23'}"
4,23,fs-en,213.57133197784424,53.37,0,0,"```json
{
  ""Persons"": [
    ""Erik Thedeen""
  ],
  ""Organizations"": [
    ""Finansinspektionen"",
    ""Skandinaviska Enskilda Banken (SEB)""
  ],
  ""Locations"": [
    ""Suecia""
  ]
}
```",codeblock,0.75,0.75,0.75,0.0,0,9.5,100.0,1.4,91.6,107.0,22596.9,85.3,9051.5,9163.2,"{'timestamp': '2026-09-15T05:48:58.608169+00:00', 'model_version': 'gemma4:latest', 'prompt_hash': '39903a23'}"
4,24,fs-en,203.4250738620758,53.42,0,0,"```json
{
  ""Persons"": [
    ""Timur Kulibaev""
  ],
  ""Organizations"": [
    ""National Bank of Kazakhstan"",
    ""Eurasian Bank""
  ],
  ""Locations"": [
    ""Kazakhstan""
  ]
}
```",codeblock,1.0,1.0,1.0,0.0,0,9.6,81.0,1.0,91.3,107.0,22610.3,85.2,9051.5,9163.2,"{'timestamp': '2026-09-15T05:48:48.462586+00:00', 'model_version': 'gemma4:latest', 'prompt_hash': '39903a23'}"
4,25,fs-en,52.1322979927063,53.35,0,0,"```json
{
  ""Persons"": [
    ""Jane Watson""
  ],
  ""Organizations"": [
    ""Financial Conduct Authority"",
    ""FCA"",
    ""Royal Bank of Scotland"",
    ""RBS"",
    ""OFAC""
  ],
  ""Locations"": []
}
```",codeblock,1.0,1.0,1.0,0.0,0,8.8,100.0,1.8,100.2,107.0,22763.8,84.9,9051.5,9163.2,"{'timestamp': '2026-09-15T05:46:17.174402+00:00', 'model_version': 'gemma4:latest', 'prompt_hash': '39903a23'}"
0,1,fs-en,37.01170516014099,53.15,0,0,"```json
{
  ""Persons"": [
    ""Alexey Shevchenko""
  ],
  ""Organizations"": [
    ""OFAC del Departamento del Tesoro de los EE. UU."",
    ""Al-Sahra Electronics""
  ],
  ""Locations"": [
    ""Dubai"",
    ""Estados Unidos"",
    ""Rusia"",
    ""EAU""
  ]
}
```",codeblock,0.8571428571428571,0.75,0.7999999999999999,0.0,0,6.8,81.0,5.3,104.6,107.0,22753.7,84.9,9051.5,9163.2,"{'timestamp': '2026-09-15T05:46:02.051985+00:00', 'model_version': 'gemma4:latest', 'prompt_hash': '39903a23'}"
0,2,fs-en,81.01944899559021,52.61,0,0,"```json
{
  ""Persons"": [
    ""Kenneth A. Polite Jr."",
    ""Stephen Murphy""
  ],
  ""Organizations"": [
    ""HSBC"",
    ""Sinaloa Cartel""
  ],
  ""Locations"": [
    ""New York""
  ]
}
```",codeblock,1.0,0.8333333333333334,0.9090909090909091,0.0,0,11.8,100.0,3.2,93.8,107.0,22757.2,84.9,9051.5,9163.2,"{'timestamp': '2026-09-15T05:46:46.051775+00:00', 'model_version': 'gemma4:latest', 'prompt_hash': '39903a23'}"
0,3,fs-en,187.89951515197754,53.39,0,0,"```json
{
  ""Persons"": [
    ""Dmitry Kovalev""
  ],
  ""Organizations"": [
    ""El Consejo Europeo"",
    ""Belneftekhim"",
    ""UE""
  ],
  ""Locations"": [
    ""Belarus"",
    ""Rusia""
  ]
}
```",codeblock,0.6666666666666666,1.0,0.8,0.0,0,7.1,81.0,1.4,91.1,107.0,22643.3,85.2,9051.5,9163.2,"{'timestamp': '2026-09-15T05:48:32.936231+00:00', 'model_version': 'gemma4:latest', 'prompt_hash': '39903a23'}"
0,4,fs-en,220.70543599128723,53.37,0,0,"```json
{
  ""Persons"": [
    ""Arthur Chan""
  ],
  ""Organizations"": [
    ""Securities and Futures Commission (SFC)"",
    ""Sun Hung Kai Securities""
  ],
  ""Locations"": []
}
```",codeblock,1.0,0.75,0.8571428571428571,0.0,0,10.6,100.0,0.8,91.8,107.0,22589.2,85.3,9051.5,9163.2,"{'timestamp': '2026-09-15T05:49:05.745459+00:00', 'model_version': 'gemma4:latest', 'prompt_hash': '39903a23'}"
0,5,fs-en,8.107656240463257,53.23,0,0,"```json
{
  ""Persons"": [
    ""Maher Al-Assad""
  ],
  ""Organizations"": [
    ""UK Office of Financial Sanctions Implementation (OFSI)"",
    ""Barclays Bank""
  ],
  ""Locations"": [
    ""Syria""
  ]
}
```",codeblock,1.0,0.8,0.888888888888889,0.0,0,10.0,81.0,10.0,106.3,107.0,22718.4,84.9,9051.5,9163.2,"{'timestamp': '2026-09-15T05:45:33.148017+00:00', 'model_version': 'gemma4:latest', 'prompt_hash': '39903a23'}"
5,26,fs-en,102.68315100669861,53.31,0,0,"```json
{
  ""Persons"": [
    ""Najib Razak""
  ],
  ""Organizations"": [
    ""SRC International"",
    ""1MDB""
  ],
  ""Locations"": []
}
```",codeblock,1.0,1.0,1.0,0.0,0,11.8,44.9,2.0,96.5,104.0,22320.6,85.8,9051.5,9163.2,"{'timestamp': '2026-09-15T05:49:35.065444+00:00', 'model_version': 'gemma4:latest', 'prompt_hash': '39903a23'}"
5,27,fs-en,87.58361411094666,53.44,0,0,"```json
{
  ""Persons"": [
    ""Jian Liu""
  ],
  ""Organizations"": [
    ""SEC"",
    ""Luckin Coffee Inc""
  ],
  ""Locations"": []
}
```",codeblock,1.0,1.0,1.0,0.0,0,9.4,100.0,1.2,98.1,104.0,22318.2,85.8,9051.5,9163.2,"{'timestamp': '2026-09-15T05:49:19.965090+00:00', 'model_version': 'gemma4:latest', 'prompt_hash': '39903a23'}"
5,28,fs-en,95.13014817237854,53.51,0,0,"```json
{
  ""Persons"": [
    ""Brian Hartzer""
  ],
  ""Organizations"": [
    ""Australian Transaction Reports and Analysis Centre"",
    ""AUSTRAC"",
    ""Westpac Banking Corporation""
  ],
  ""Locations"": []
}
```",codeblock,1.0,1.0,1.0,0.0,0,10.1,100.0,1.0,97.5,104.0,22317.4,85.8,9051.5,9163.2,"{'timestamp': '2026-09-15T05:49:27.516206+00:00', 'model_version': 'gemma4:latest', 'prompt_hash': '39903a23'}"
5,29,fs-en,111.32237792015076,53.27,0,0,"```json
{
  ""Persons"": [
    ""Jacob Aarup-Andersen""
  ],
  ""Organizations"": [
    ""Danske Bank""
  ],
  ""Locations"": [
    ""Copenhagen"",
    ""bálticas""
  ]
}
```",codeblock,0.5,1.0,0.6666666666666666,0.0,0,10.1,28.6,1.0,95.7,104.0,22326.3,85.8,9051.5,9163.2,"{'timestamp': '2026-09-15T05:49:43.701617+00:00', 'model_version': 'gemma4:latest', 'prompt_hash': '39903a23'}"
5,30,fs-en,80.47105264663696,53.41,0,0,"```json
{
  ""Persons"": [
    ""Susan Mauldin""
  ],
  ""Organizations"": [
    ""Federal Trade Commission"",
    ""FTC"",
    ""Equifax Inc""
  ],
  ""Locations"": []
}
```",codeblock,1.0,1.0,1.0,0.0,0,9.0,28.1,1.4,98.8,104.0,22319.4,85.8,9051.5,9163.2,"{'timestamp': '2026-09-15T05:49:12.852526+00:00', 'model_version': 'gemma4:latest', 'prompt_hash': '39903a23'}"
